ID,total,param,local,global,compiles,time,J,GFLOP/s,GFLOP/watt,status
1,578,0   16   16   32    8    8    8    8    2    1    1    0    0    0    0    1,8       8,2048    2048,OK     43 ms,97.62 ms,11.65,1407.8,11.8,results match
2,578,0   16   16   32    8    8    8    8    2    1    1    0    0    1    1    1,8       8,2048    2048,OK     34 ms,77.59 ms,9.68,1771.1,14.2,results match
3,578,0   16   16   32    8    8    8    8    2    1    2    0    0    0    0    1,8       8,2048    2048,OK     24 ms,80.96 ms,9.49,1697.4,14.5,results match
4,578,0   16   16   32    8    8    8    8    2    1    2    0    0    1    1    1,8       8,2048    2048,OK     32 ms,66.69 ms,8.39,2060.5,16.4,results match
5,578,0   16   16   32    8    8    8    8    2    2    1    0    0    0    0    1,8       8,2048    2048,OK     25 ms,75.62 ms,9.26,1817.3,14.8,results match
6,578,0   16   16   32    8    8    8    8    2    2    1    0    0    1    1    1,8       8,2048    2048,OK     27 ms,63.37 ms,8.22,2168.4,16.7,results match
7,578,0   16   16   32    8    8    8    8    2    2    2    0    0    0    0    1,8       8,2048    2048,OK     24 ms,61.70 ms,7.81,2227.2,17.6,results match
8,578,0   16   16   32    8    8    8    8    2    2    2    0    0    1    1    1,8       8,2048    2048,OK     23 ms,60.44 ms,7.84,2273.6,17.5,results match
9,578,0   16   16   32    8   16    8   16    2    1    1    0    0    0    0    1,8      16,2048    4096,OK     33 ms,113.03 ms,13.26,1215.8,10.4,results match
10,578,0   16   16   32    8   16    8   16    2    1    1    0    0    1    1    1,8      16,2048    4096,OK     21 ms,89.57 ms,10.71,1534.3,12.8,results match
11,578,0   16   16   32    8   16    8   16    2    2    1    0    0    0    0    1,8      16,2048    4096,OK     24 ms,90.90 ms,10.92,1511.9,12.6,results match
12,578,0   16   16   32    8   16    8   16    2    2    1    0    0    1    1    1,8      16,2048    4096,OK     41 ms,79.13 ms,9.66,1736.7,14.2,results match
13,578,0   16   16   32   16    8   16    8    2    1    1    0    0    0    0    1,16       8,4096    2048,OK     26 ms,119.58 ms,13.88,1149.2,9.9,results match
14,578,0   16   16   32   16    8   16    8    2    1    1    0    0    1    1    1,16       8,4096    2048,OK     28 ms,90.87 ms,10.71,1512.3,12.8,results match
15,578,0   16   16   32   16    8   16    8    2    1    2    0    0    0    0    1,16       8,4096    2048,OK     27 ms,94.27 ms,11.28,1457.7,12.2,results match
16,578,0   16   16   32   16    8   16    8    2    1    2    0    0    1    1    1,16       8,4096    2048,OK     23 ms,75.37 ms,9.13,1823.3,15.0,results match
17,578,0   16   16   32   16   16   16   16    2    1    1    0    0    0    0    1,16      16,4096    4096,OK     22 ms,148.67 ms,17.05,924.4,8.1,results match
18,578,0   16   16   32   16   16   16   16    2    1    1    0    0    1    1    1,16      16,4096    4096,OK     37 ms,102.78 ms,11.62,1337.0,11.8,results match
19,578,0   16   32   32    8    8    8    8    2    1    1    0    0    0    0    1,8       8,2048    1024,OK     30 ms,59.30 ms,6.95,2317.4,19.8,results match
20,578,0   16   32   32    8    8    8    8    2    1    1    0    0    1    1    1,8       8,2048    1024,OK     31 ms,58.16 ms,6.96,2362.6,19.7,results match
21,578,0   16   32   32    8    8    8    8    2    1    2    0    0    0    0    1,8       8,2048    1024,OK     24 ms,52.22 ms,6.08,2631.7,22.6,results match
22,578,0   16   32   32    8    8    8    8    2    1    2    0    0    1    1    1,8       8,2048    1024,OK     22 ms,48.82 ms,6.02,2815.0,22.8,results match
23,578,0   16   32   32    8    8    8    8    2    1    4    0    0    0    0    1,8       8,2048    1024,OK     20 ms,44.60 ms,5.40,3081.1,25.4,results match
24,578,0   16   32   32    8    8    8    8    2    1    4    0    0    1    1    1,8       8,2048    1024,OK     19 ms,45.40 ms,5.66,3026.9,24.3,results match
25,578,0   16   32   32    8    8    8    8    2    2    1    0    0    0    0    1,8       8,2048    1024,OK     25 ms,56.10 ms,6.47,2449.5,21.3,results match
26,578,0   16   32   32    8    8    8    8    2    2    1    0    0    1    1    1,8       8,2048    1024,OK     52 ms,46.48 ms,5.81,2956.8,23.6,results match
27,578,0   16   32   32    8    8    8    8    2    2    2    0    0    0    0    1,8       8,2048    1024,OK     31 ms,50.43 ms,6.08,2724.8,22.6,results match
28,578,0   16   32   32    8    8    8    8    2    2    2    0    0    1    1    1,8       8,2048    1024,OK     30 ms,45.24 ms,5.66,3037.8,24.3,results match
29,578,0   16   32   32    8    8    8    8    2    2    4    0    0    0    0    1,8       8,2048    1024,OK     27 ms,40.91 ms,4.94,3359.0,27.8,results match
30,578,0   16   32   32    8    8    8    8    2    2    4    0    0    1    1    1,8       8,2048    1024,OK     20 ms,41.79 ms,5.27,3288.6,26.1,results match
31,578,0   16   32   32    8   16    8   16    2    1    1    0    0    0    0    1,8      16,2048    2048,OK     27 ms,81.55 ms,9.61,1685.2,14.3,results match
32,578,0   16   32   32    8   16    8   16    2    1    1    0    0    1    1    1,8      16,2048    2048,OK     14 ms,64.79 ms,7.54,2121.0,18.2,results match
33,578,0   16   32   32    8   16    8   16    2    1    2    0    0    0    0    1,8      16,2048    2048,OK     22 ms,69.92 ms,8.21,1965.3,16.7,results match
34,578,0   16   32   32    8   16    8   16    2    1    2    0    0    1    1    1,8      16,2048    2048,OK     20 ms,55.04 ms,6.50,2497.0,21.1,results match
35,578,0   16   32   32    8   16    8   16    2    2    1    0    0    0    0    1,8      16,2048    2048,OK     19 ms,70.82 ms,8.30,1940.6,16.6,results match
36,578,0   16   32   32    8   16    8   16    2    2    1    0    0    1    1    1,8      16,2048    2048,OK     21 ms,52.24 ms,6.30,2630.6,21.8,results match
37,578,0   16   32   32    8   16    8   16    2    2    2    0    0    0    0    1,8      16,2048    2048,OK     16 ms,57.38 ms,6.94,2394.9,19.8,results match
38,578,0   16   32   32    8   16    8   16    2    2    2    0    0    1    1    1,8      16,2048    2048,OK     12 ms,49.83 ms,6.00,2758.0,22.9,results match
39,578,0   16   32   32    8   32    8   32    2    1    1    0    0    0    0    1,8      32,2048    4096,OK     10 ms,106.06 ms,11.73,1295.7,11.7,results match
40,578,0   16   32   32    8   32    8   32    2    1    1    0    0    1    1    1,8      32,2048    4096,OK     11 ms,76.38 ms,8.27,1799.2,16.6,results match
41,578,0   16   32   32    8   32    8   32    2    2    1    0    0    0    0    1,8      32,2048    4096,OK     29 ms,85.49 ms,9.85,1607.5,13.9,results match
42,578,0   16   32   32    8   32    8   32    2    2    1    0    0    1    1    1,8      32,2048    4096,OK     16 ms,68.50 ms,7.76,2006.0,17.7,results match
43,578,0   16   32   32   16    8   16    8    2    1    1    0    0    0    0    1,16       8,4096    1024,OK     15 ms,85.58 ms,9.64,1605.7,14.3,results match
44,578,0   16   32   32   16    8   16    8    2    1    1    0    0    1    1    1,16       8,4096    1024,OK     22 ms,73.39 ms,8.32,1872.5,16.5,results match
45,578,0   16   32   32   16    8   16    8    2    1    2    0    0    0    0    1,16       8,4096    1024,OK     19 ms,67.96 ms,7.41,2022.0,18.6,results match
46,578,0   16   32   32   16    8   16    8    2    1    2    0    0    1    1    1,16       8,4096    1024,OK     13 ms,59.20 ms,6.86,2321.2,20.0,results match
47,578,0   16   32   32   16    8   16    8    2    1    4    0    0    0    0    1,16       8,4096    1024,OK     23 ms,59.45 ms,7.06,2311.4,19.5,results match
48,578,0   16   32   32   16    8   16    8    2    1    4    0    0    1    1    1,16       8,4096    1024,OK     24 ms,51.22 ms,6.05,2683.0,22.7,results match
49,578,0   16   32   32   16   16   16   16    2    1    1    0    0    0    0    1,16      16,4096    2048,OK     10 ms,112.67 ms,12.44,1219.7,11.0,results match
50,578,0   16   32   32   16   16   16   16    2    1    1    0    0    1    1    1,16      16,4096    2048,OK     25 ms,78.77 ms,8.75,1744.7,15.7,results match
51,578,0   16   32   32   16   16   16   16    2    1    2    0    0    0    0    1,16      16,4096    2048,OK      9 ms,86.00 ms,9.96,1597.8,13.8,results match
52,578,0   16   32   32   16   16   16   16    2    1    2    0    0    1    1    1,16      16,4096    2048,OK     25 ms,63.52 ms,7.07,2163.3,19.4,results match
53,578,0   16   32   32   16   32   16   32    2    1    1    0    0    0    0    1,16      32,4096    4096,OK     22 ms,141.18 ms,15.38,973.4,8.9,results match
54,578,0   16   32   32   16   32   16   32    2    1    1    0    0    1    1    1,16      32,4096    4096,OK     25 ms,91.88 ms,9.74,1495.7,14.1,results match
55,578,0   16   64   32    8    8    8    8    2    1    1    0    0    0    0    1,8       8,2048     512,OK     34 ms,46.61 ms,5.40,2948.3,25.4,results match
56,578,0   16   64   32    8    8    8    8    2    1    1    0    0    1    1    1,8       8,2048     512,OK      9 ms,54.09 ms,6.33,2540.4,21.7,results match
57,578,0   16   64   32    8    8    8    8    2    1    2    0    0    0    0    1,8       8,2048     512,OK     19 ms,41.16 ms,4.82,3338.8,28.5,results match
58,578,0   16   64   32    8    8    8    8    2    1    2    0    0    1    1    1,8       8,2048     512,OK     22 ms,41.97 ms,4.98,3274.1,27.6,results match
59,578,0   16   64   32    8    8    8    8    2    1    4    0    0    0    0    1,8       8,2048     512,OK     30 ms,39.34 ms,4.62,3492.8,29.8,results match
60,578,0   16   64   32    8    8    8    8    2    1    4    0    0    1    1    1,8       8,2048     512,OK     22 ms,37.76 ms,4.56,3639.8,30.2,results match
61,578,0   16   64   32    8    8    8    8    2    2    1    0    0    0    0    1,8       8,2048     512,OK     28 ms,44.57 ms,5.10,3083.2,27.0,results match
62,578,0   16   64   32    8    8    8    8    2    2    1    0    0    1    1    1,8       8,2048     512,OK     21 ms,42.42 ms,5.10,3239.7,27.0,results match
63,578,0   16   64   32    8    8    8    8    2    2    2    0    0    0    0    1,8       8,2048     512,OK     13 ms,38.86 ms,4.64,3536.0,29.6,results match
64,578,0   16   64   32    8    8    8    8    2    2    2    0    0    1    1    1,8       8,2048     512,OK     23 ms,40.05 ms,4.81,3431.4,28.6,results match
65,578,0   16   64   32    8    8    8    8    2    2    4    0    0    0    0    1,8       8,2048     512,OK     22 ms,36.29 ms,4.35,3786.3,31.6,results match
66,578,0   16   64   32    8    8    8    8    2    2    4    0    0    1    1    1,8       8,2048     512,OK     12 ms,35.32 ms,4.32,3891.2,31.8,results match
67,578,0   16   64   32    8   16    8   16    2    1    1    0    0    0    0    1,8      16,2048    1024,OK     24 ms,57.07 ms,6.44,2408.1,21.3,results match
68,578,0   16   64   32    8   16    8   16    2    1    1    0    0    1    1    1,8      16,2048    1024,OK     21 ms,53.52 ms,6.10,2567.6,22.5,results match
69,578,0   16   64   32    8   16    8   16    2    1    2    0    0    0    0    1,8      16,2048    1024,OK     10 ms,48.77 ms,5.51,2817.8,24.9,results match
70,578,0   16   64   32    8   16    8   16    2    1    2    0    0    1    1    1,8      16,2048    1024,OK     29 ms,44.72 ms,5.15,3072.9,26.7,results match
71,578,0   16   64   32    8   16    8   16    2    1    4    0    0    0    0    1,8      16,2048    1024,OK     20 ms,42.79 ms,5.05,3211.4,27.2,results match
72,578,0   16   64   32    8   16    8   16    2    1    4    0    0    1    1    1,8      16,2048    1024,OK     24 ms,40.53 ms,4.74,3390.5,29.0,results match
73,578,0   16   64   32    8   16    8   16    2    2    1    0    0    0    0    1,8      16,2048    1024,OK     34 ms,53.04 ms,5.88,2590.7,23.4,results match
74,578,0   16   64   32    8   16    8   16    2    2    1    0    0    1    1    1,8      16,2048    1024,OK     19 ms,42.68 ms,5.05,3220.1,27.2,results match
75,578,0   16   64   32    8   16    8   16    2    2    2    0    0    0    0    1,8      16,2048    1024,OK      9 ms,47.65 ms,5.52,2883.8,24.9,results match
76,578,0   16   64   32    8   16    8   16    2    2    2    0    0    1    1    1,8      16,2048    1024,OK     10 ms,41.21 ms,4.83,3334.8,28.4,results match
77,578,0   16   64   32    8   16    8   16    2    2    4    0    0    0    0    1,8      16,2048    1024,OK      9 ms,39.03 ms,4.59,3520.8,29.9,results match
78,578,0   16   64   32    8   16    8   16    2    2    4    0    0    1    1    1,8      16,2048    1024,OK     12 ms,38.11 ms,4.49,3606.0,30.6,results match
79,578,0   16   64   32    8   32    8   32    2    1    1    0    0    0    0    1,8      32,2048    2048,OK      9 ms,74.87 ms,8.34,1835.4,16.5,results match
80,578,0   16   64   32    8   32    8   32    2    1    1    0    0    1    1    1,8      32,2048    2048,OK     11 ms,59.25 ms,6.41,2319.4,21.4,results match
81,578,0   16   64   32    8   32    8   32    2    1    2    0    0    0    0    1,8      32,2048    2048,OK     11 ms,66.56 ms,7.51,2064.6,18.3,results match
82,578,0   16   64   32    8   32    8   32    2    1    2    0    0    1    1    1,8      32,2048    2048,OK      9 ms,50.00 ms,5.47,2748.3,25.1,results match
83,578,0   16   64   32    8   32    8   32    2    2    1    0    0    0    0    1,8      32,2048    2048,OK      9 ms,67.46 ms,7.61,2037.1,18.0,results match
84,578,0   16   64   32    8   32    8   32    2    2    1    0    0    1    1    1,8      32,2048    2048,OK     10 ms,47.82 ms,5.37,2873.5,25.6,results match
85,578,0   16   64   32    8   32    8   32    2    2    2    0    0    0    0    1,8      32,2048    2048,OK     10 ms,54.41 ms,6.34,2525.5,21.7,results match
86,578,0   16   64   32    8   32    8   32    2    2    2    0    0    1    1    1,8      32,2048    2048,OK     11 ms,45.27 ms,5.13,3035.3,26.8,results match
87,578,0   16   64   32   16    8   16    8    2    1    1    0    0    0    0    1,16       8,4096     512,OK     10 ms,71.94 ms,8.03,1910.3,17.1,results match
88,578,0   16   64   32   16    8   16    8    2    1    1    0    0    1    1    1,16       8,4096     512,OK     10 ms,67.90 ms,7.42,2023.9,18.5,results match
89,578,0   16   64   32   16    8   16    8    2    1    2    0    0    0    0    1,16       8,4096     512,OK     13 ms,54.54 ms,6.14,2519.5,22.4,results match
90,578,0   16   64   32   16    8   16    8    2    1    2    0    0    1    1    1,16       8,4096     512,OK     10 ms,50.61 ms,5.67,2715.3,24.2,results match
91,578,0   16   64   32   16    8   16    8    2    1    4    0    0    0    0    1,16       8,4096     512,OK      9 ms,51.13 ms,5.92,2687.8,23.2,results match
92,578,0   16   64   32   16    8   16    8    2    1    4    0    0    1    1    1,16       8,4096     512,OK     10 ms,44.96 ms,5.12,3056.6,26.8,results match
93,578,0   16   64   32   16   16   16   16    2    1    1    0    0    0    0    1,16      16,4096    1024,OK      8 ms,83.05 ms,9.00,1654.7,15.3,results match
94,578,0   16   64   32   16   16   16   16    2    1    1    0    0    1    1    1,16      16,4096    1024,OK     10 ms,68.54 ms,7.43,2005.0,18.5,results match
95,578,0   16   64   32   16   16   16   16    2    1    2    0    0    0    0    1,16      16,4096    1024,OK      9 ms,67.08 ms,7.23,2048.7,19.0,results match
96,578,0   16   64   32   16   16   16   16    2    1    2    0    0    1    1    1,16      16,4096    1024,OK     11 ms,54.01 ms,5.95,2544.6,23.1,results match
97,578,0   16   64   32   16   16   16   16    2    1    4    0    0    0    0    1,16      16,4096    1024,OK     11 ms,57.11 ms,6.56,2406.3,21.0,results match
98,578,0   16   64   32   16   16   16   16    2    1    4    0    0    1    1    1,16      16,4096    1024,OK      9 ms,46.84 ms,5.23,2933.7,26.3,results match
99,578,0   16   64   32   16   32   16   32    2    1    1    0    0    0    0    1,16      32,4096    2048,OK     10 ms,108.34 ms,11.47,1268.4,12.0,results match
100,578,0   16   64   32   16   32   16   32    2    1    1    0    0    1    1    1,16      32,4096    2048,OK     10 ms,73.90 ms,7.74,1859.5,17.7,results match
101,578,0   16   64   32   16   32   16   32    2    1    2    0    0    0    0    1,16      32,4096    2048,OK     10 ms,83.20 ms,9.28,1651.7,14.8,results match
102,578,0   16   64   32   16   32   16   32    2    1    2    0    0    1    1    1,16      32,4096    2048,OK      9 ms,58.93 ms,6.18,2331.9,22.2,results match
103,578,0   32   16   32    8    8    8    8    2    1    1    0    0    0    0    1,8       8,1024    2048,OK      9 ms,62.97 ms,7.54,2182.3,18.2,results match
104,578,0   32   16   32    8    8    8    8    2    1    1    0    0    1    1    1,8       8,1024    2048,OK      9 ms,62.09 ms,7.57,2213.4,18.1,results match
105,578,0   32   16   32    8    8    8    8    2    1    2    0    0    0    0    1,8       8,1024    2048,OK     10 ms,53.74 ms,6.47,2557.3,21.2,results match
106,578,0   32   16   32    8    8    8    8    2    1    2    0    0    1    1    1,8       8,1024    2048,OK     10 ms,56.27 ms,6.97,2442.3,19.7,results match
107,578,0   32   16   32    8    8    8    8    2    2    1    0    0    0    0    1,8       8,1024    2048,OK      9 ms,59.25 ms,7.30,2319.5,18.8,results match
108,578,0   32   16   32    8    8    8    8    2    2    1    0    0    1    1    1,8       8,1024    2048,OK      9 ms,50.93 ms,6.59,2698.1,20.8,results match
109,578,0   32   16   32    8    8    8    8    2    2    2    0    0    0    0    1,8       8,1024    2048,OK     10 ms,50.87 ms,6.40,2701.3,21.5,results match
110,578,0   32   16   32    8    8    8    8    2    2    2    0    0    1    1    1,8       8,1024    2048,OK     11 ms,49.38 ms,6.39,2783.1,21.5,results match
111,578,0   32   16   32    8    8    8    8    2    4    1    0    0    0    0    1,8       8,1024    2048,OK      9 ms,51.03 ms,5.83,2693.2,23.6,results match
112,578,0   32   16   32    8    8    8    8    2    4    1    0    0    1    1    1,8       8,1024    2048,OK      9 ms,47.84 ms,6.32,2872.4,21.8,results match
113,578,0   32   16   32    8    8    8    8    2    4    2    0    0    0    0    1,8       8,1024    2048,OK     10 ms,45.16 ms,5.67,3043.3,24.3,results match
114,578,0   32   16   32    8    8    8    8    2    4    2    0    0    1    1    1,8       8,1024    2048,OK     10 ms,46.49 ms,6.11,2955.8,22.5,results match
115,578,0   32   16   32    8   16    8   16    2    1    1    0    0    0    0    1,8      16,1024    4096,OK     10 ms,82.87 ms,9.74,1658.3,14.1,results match
116,578,0   32   16   32    8   16    8   16    2    1    1    0    0    1    1    1,8      16,1024    4096,OK     10 ms,75.42 ms,8.80,1822.1,15.6,results match
117,578,0   32   16   32    8   16    8   16    2    2    1    0    0    0    0    1,8      16,1024    4096,OK      8 ms,68.95 ms,8.48,1993.1,16.2,results match
118,578,0   32   16   32    8   16    8   16    2    2    1    0    0    1    1    1,8      16,1024    4096,OK     53 ms,65.76 ms,7.94,2089.8,17.3,results match
119,578,0   32   16   32    8   16    8   16    2    4    1    0    0    0    0    1,8      16,1024    4096,OK      9 ms,64.49 ms,8.13,2130.8,16.9,results match
120,578,0   32   16   32    8   16    8   16    2    4    1    0    0    1    1    1,8      16,1024    4096,OK     10 ms,59.33 ms,7.55,2316.3,18.2,results match
121,578,0   32   16   32   16    8   16    8    2    1    1    0    0    0    0    1,16       8,2048    2048,OK     15 ms,83.62 ms,10.17,1643.5,13.5,results match
122,578,0   32   16   32   16    8   16    8    2    1    1    0    0    1    1    1,16       8,2048    2048,OK      9 ms,68.80 ms,8.18,1997.4,16.8,results match
123,578,0   32   16   32   16    8   16    8    2    1    2    0    0    0    0    1,16       8,2048    2048,OK      9 ms,71.94 ms,8.66,1910.2,15.9,results match
124,578,0   32   16   32   16    8   16    8    2    1    2    0    0    1    1    1,16       8,2048    2048,OK     12 ms,60.27 ms,7.35,2280.2,18.7,results match
125,578,0   32   16   32   16    8   16    8    2    2    1    0    0    0    0    1,16       8,2048    2048,OK     11 ms,73.26 ms,8.89,1875.8,15.5,results match
126,578,0   32   16   32   16    8   16    8    2    2    1    0    0    1    1    1,16       8,2048    2048,OK     13 ms,55.63 ms,6.97,2470.5,19.7,results match
127,578,0   32   16   32   16    8   16    8    2    2    2    0    0    0    0    1,16       8,2048    2048,OK     10 ms,59.81 ms,7.47,2297.5,18.4,results match
128,578,0   32   16   32   16    8   16    8    2    2    2    0    0    1    1    1,16       8,2048    2048,OK     10 ms,52.80 ms,6.61,2602.8,20.8,results match
129,578,0   32   16   32   16   16   16   16    2    1    1    0    0    0    0    1,16      16,2048    4096,OK     10 ms,109.56 ms,12.46,1254.3,11.0,results match
130,578,0   32   16   32   16   16   16   16    2    1    1    0    0    1    1    1,16      16,2048    4096,OK     15 ms,81.07 ms,9.23,1695.1,14.9,results match
131,578,0   32   16   32   16   16   16   16    2    2    1    0    0    0    0    1,16      16,2048    4096,OK     11 ms,88.55 ms,10.60,1551.9,13.0,results match
132,578,0   32   16   32   16   16   16   16    2    2    1    0    0    1    1    1,16      16,2048    4096,OK     12 ms,71.48 ms,8.49,1922.5,16.2,results match
133,578,0   32   16   32   32    8   32    8    2    1    1    0    0    0    0    1,32       8,4096    2048,OK      9 ms,115.19 ms,13.06,1193.0,10.5,results match
134,578,0   32   16   32   32    8   32    8    2    1    1    0    0    1    1    1,32       8,4096    2048,OK     11 ms,80.43 ms,9.14,1708.5,15.0,results match
135,578,0   32   16   32   32    8   32    8    2    1    2    0    0    0    0    1,32       8,4096    2048,OK     10 ms,88.88 ms,10.60,1546.2,13.0,results match
136,578,0   32   16   32   32    8   32    8    2    1    2    0    0    1    1    1,32       8,4096    2048,OK     11 ms,67.39 ms,7.88,2039.2,17.4,results match
137,578,0   32   16   32   32   16   32   16    2    1    1    0    0    0    0    1,32      16,4096    4096,OK     10 ms,144.30 ms,16.11,952.3,8.5,results match
138,578,0   32   16   32   32   16   32   16    2    1    1    0    0    1    1    1,32      16,4096    4096,OK     10 ms,95.56 ms,10.68,1438.0,12.9,results match
139,578,0   32   32   32    8    8    8    8    2    1    1    0    0    0    0    1,8       8,1024    1024,OK     10 ms,45.63 ms,5.30,3011.4,25.9,results match
140,578,0   32   32   32    8    8    8    8    2    1    1    0    0    1    1    1,8       8,1024    1024,OK     10 ms,43.53 ms,5.27,3157.0,26.1,results match
141,578,0   32   32   32    8    8    8    8    2    1    2    0    0    0    0    1,8       8,1024    1024,OK      9 ms,43.04 ms,5.06,3192.9,27.2,results match
142,578,0   32   32   32    8    8    8    8    2    1    2    0    0    1    1    1,8       8,1024    1024,OK      9 ms,40.23 ms,4.86,3416.3,28.3,results match
143,578,0   32   32   32    8    8    8    8    2    1    4    0    0    0    0    1,8       8,1024    1024,OK     10 ms,37.76 ms,4.58,3639.2,30.0,results match
144,578,0   32   32   32    8    8    8    8    2    1    4    0    0    1    1    1,8       8,1024    1024,OK      9 ms,37.83 ms,4.65,3632.4,29.6,results match
145,578,0   32   32   32    8    8    8    8    2    2    1    0    0    0    0    1,8       8,1024    1024,OK     10 ms,41.84 ms,4.95,3284.6,27.8,results match
146,578,0   32   32   32    8    8    8    8    2    2    1    0    0    1    1    1,8       8,1024    1024,OK     10 ms,37.30 ms,4.61,3684.3,29.8,results match
147,578,0   32   32   32    8    8    8    8    2    2    2    0    0    0    0    1,8       8,1024    1024,OK     13 ms,39.84 ms,4.70,3448.9,29.2,results match
148,578,0   32   32   32    8    8    8    8    2    2    2    0    0    1    1    1,8       8,1024    1024,OK      9 ms,36.13 ms,4.48,3803.9,30.7,results match
149,578,0   32   32   32    8    8    8    8    2    2    4    0    0    0    0    1,8       8,1024    1024,OK      9 ms,36.62 ms,4.53,3753.0,30.3,results match
150,578,0   32   32   32    8    8    8    8    2    2    4    0    0    1    1    1,8       8,1024    1024,OK      9 ms,34.73 ms,4.31,3957.2,31.9,results match
151,578,0   32   32   32    8    8    8    8    2    4    1    0    0    0    0    1,8       8,1024    1024,OK     10 ms,41.04 ms,5.05,3348.7,27.2,results match
152,578,0   32   32   32    8    8    8    8    2    4    1    0    0    1    1    1,8       8,1024    1024,OK      9 ms,34.45 ms,4.34,3988.8,31.6,results match
153,578,0   32   32   32    8    8    8    8    2    4    2    0    0    0    0    1,8       8,1024    1024,OK      8 ms,38.19 ms,4.55,3598.3,30.2,results match
154,578,0   32   32   32    8    8    8    8    2    4    2    0    0    1    1    1,8       8,1024    1024,OK     11 ms,34.04 ms,4.28,4037.6,32.1,results match
155,578,0   32   32   32    8    8    8    8    2    4    4    0    0    0    0    1,8       8,1024    1024,OK      9 ms,35.28 ms,4.50,3895.2,30.5,results match
156,578,0   32   32   32    8    8    8    8    2    4    4    0    0    1    1    1,8       8,1024    1024,OK      9 ms,33.42 ms,4.19,4111.7,32.8,results match
157,578,0   32   32   32    8   16    8   16    2    1    1    0    0    0    0    1,8      16,1024    2048,OK     10 ms,58.29 ms,6.63,2357.5,20.7,results match
158,578,0   32   32   32    8   16    8   16    2    1    1    0    0    1    1    1,8      16,1024    2048,OK     12 ms,51.85 ms,5.90,2650.6,23.3,results match
159,578,0   32   32   32    8   16    8   16    2    1    2    0    0    0    0    1,8      16,1024    2048,OK      9 ms,49.75 ms,5.79,2762.1,23.7,results match
160,578,0   32   32   32    8   16    8   16    2    1    2    0    0    1    1    1,8      16,1024    2048,OK     10 ms,46.40 ms,5.37,2961.5,25.6,results match
161,578,0   32   32   32    8   16    8   16    2    2    1    0    0    0    0    1,8      16,1024    2048,OK     10 ms,53.91 ms,6.22,2549.2,22.1,results match
162,578,0   32   32   32    8   16    8   16    2    2    1    0    0    1    1    1,8      16,1024    2048,OK     10 ms,42.95 ms,5.13,3199.3,26.8,results match
163,578,0   32   32   32    8   16    8   16    2    2    2    0    0    0    0    1,8      16,1024    2048,OK      8 ms,45.62 ms,5.45,3012.6,25.2,results match
164,578,0   32   32   32    8   16    8   16    2    2    2    0    0    1    1    1,8      16,1024    2048,OK     10 ms,41.56 ms,5.01,3306.5,27.4,results match
165,578,0   32   32   32    8   16    8   16    2    4    1    0    0    0    0    1,8      16,1024    2048,OK      9 ms,46.61 ms,5.13,2948.2,26.8,results match
166,578,0   32   32   32    8   16    8   16    2    4    1    0    0    1    1    1,8      16,1024    2048,OK      9 ms,40.26 ms,4.94,3413.2,27.8,results match
167,578,0   32   32   32    8   16    8   16    2    4    2    0    0    0    0    1,8      16,1024    2048,OK     10 ms,41.57 ms,5.11,3306.1,26.9,results match
168,578,0   32   32   32    8   16    8   16    2    4    2    0    0    1    1    1,8      16,1024    2048,OK     10 ms,39.13 ms,4.87,3511.5,28.2,results match
169,578,0   32   32   32    8   32    8   32    2    1    1    0    0    0    0    1,8      32,1024    4096,OK      9 ms,78.99 ms,8.77,1739.7,15.7,results match
170,578,0   32   32   32    8   32    8   32    2    1    1    0    0    1    1    1,8      32,1024    4096,OK      9 ms,65.17 ms,6.97,2108.7,19.7,results match
171,578,0   32   32   32    8   32    8   32    2    2    1    0    0    0    0    1,8      32,1024    4096,OK     10 ms,63.22 ms,7.40,2173.6,18.6,results match
172,578,0   32   32   32    8   32    8   32    2    2    1    0    0    1    1    1,8      32,1024    4096,OK      9 ms,56.72 ms,6.41,2422.7,21.4,results match
173,578,0   32   32   32    8   32    8   32    2    4    1    0    0    0    0    1,8      32,1024    4096,OK      9 ms,58.84 ms,7.00,2335.7,19.6,results match
174,578,0   32   32   32    8   32    8   32    2    4    1    0    0    1    1    1,8      32,1024    4096,OK     12 ms,52.00 ms,6.11,2642.6,22.5,results match
175,578,0   32   32   32   16    8   16    8    2    1    1    0    0    0    0    1,16       8,2048    1024,OK      9 ms,58.00 ms,6.58,2369.2,20.9,results match
176,578,0   32   32   32   16    8   16    8    2    1    1    0    0    1    1    1,16       8,2048    1024,OK     10 ms,51.12 ms,5.88,2688.4,23.4,results match
177,578,0   32   32   32   16    8   16    8    2    1    2    0    0    0    0    1,16       8,2048    1024,OK     10 ms,49.38 ms,5.68,2782.9,24.2,results match
178,578,0   32   32   32   16    8   16    8    2    1    2    0    0    1    1    1,16       8,2048    1024,OK     10 ms,44.27 ms,5.18,3103.9,26.5,results match
179,578,0   32   32   32   16    8   16    8    2    1    4    0    0    0    0    1,16       8,2048    1024,OK      9 ms,44.15 ms,5.27,3112.4,26.1,results match
180,578,0   32   32   32   16    8   16    8    2    1    4    0    0    1    1    1,16       8,2048    1024,OK     13 ms,40.67 ms,4.84,3378.8,28.4,results match
181,578,0   32   32   32   16    8   16    8    2    2    1    0    0    0    0    1,16       8,2048    1024,OK     10 ms,54.68 ms,6.13,2513.1,22.4,results match
182,578,0   32   32   32   16    8   16    8    2    2    1    0    0    1    1    1,16       8,2048    1024,OK      9 ms,41.33 ms,4.98,3324.9,27.6,results match
183,578,0   32   32   32   16    8   16    8    2    2    2    0    0    0    0    1,16       8,2048    1024,OK      9 ms,49.58 ms,5.87,2771.6,23.4,results match
184,578,0   32   32   32   16    8   16    8    2    2    2    0    0    1    1    1,16       8,2048    1024,OK     11 ms,40.24 ms,4.87,3415.5,28.2,results match
185,578,0   32   32   32   16    8   16    8    2    2    4    0    0    0    0    1,16       8,2048    1024,OK      9 ms,40.87 ms,4.93,3362.0,27.9,results match
186,578,0   32   32   32   16    8   16    8    2    2    4    0    0    1    1    1,16       8,2048    1024,OK     10 ms,38.03 ms,4.58,3613.5,30.0,results match
187,578,0   32   32   32   16   16   16   16    2    1    1    0    0    0    0    1,16      16,2048    2048,OK     10 ms,74.85 ms,8.44,1835.9,16.3,results match
188,578,0   32   32   32   16   16   16   16    2    1    1    0    0    1    1    1,16      16,2048    2048,OK      9 ms,58.26 ms,6.50,2358.9,21.1,results match
189,578,0   32   32   32   16   16   16   16    2    1    2    0    0    0    0    1,16      16,2048    2048,OK     11 ms,66.53 ms,7.62,2065.6,18.0,results match
190,578,0   32   32   32   16   16   16   16    2    1    2    0    0    1    1    1,16      16,2048    2048,OK     41 ms,50.55 ms,5.69,2718.8,24.1,results match
191,578,0   32   32   32   16   16   16   16    2    2    1    0    0    0    0    1,16      16,2048    2048,OK     10 ms,67.47 ms,7.76,2036.9,17.7,results match
192,578,0   32   32   32   16   16   16   16    2    2    1    0    0    1    1    1,16      16,2048    2048,OK      8 ms,47.43 ms,5.50,2897.5,25.0,results match
193,578,0   32   32   32   16   16   16   16    2    2    2    0    0    0    0    1,16      16,2048    2048,OK      8 ms,54.44 ms,6.46,2524.4,21.3,results match
194,578,0   32   32   32   16   16   16   16    2    2    2    0    0    1    1    1,16      16,2048    2048,OK     10 ms,45.02 ms,5.34,3052.7,25.8,results match
195,578,0   32   32   32   16   32   16   32    2    1    1    0    0    0    0    1,16      32,2048    4096,OK     12 ms,103.66 ms,11.19,1325.7,12.3,results match
196,578,0   32   32   32   16   32   16   32    2    1    1    0    0    1    1    1,16      32,2048    4096,OK      9 ms,71.85 ms,7.58,1912.7,18.1,results match
197,578,0   32   32   32   16   32   16   32    2    2    1    0    0    0    0    1,16      32,2048    4096,OK     10 ms,83.45 ms,9.55,1646.7,14.4,results match
198,578,0   32   32   32   16   32   16   32    2    2    1    0    0    1    1    1,16      32,2048    4096,OK      9 ms,64.03 ms,7.10,2146.2,19.4,results match
199,578,0   32   32   32   32    8   32    8    2    1    1    0    0    0    0    1,32       8,4096    1024,OK     14 ms,83.04 ms,9.06,1655.0,15.2,results match
200,578,0   32   32   32   32    8   32    8    2    1    1    0    0    1    1    1,32       8,4096    1024,OK      9 ms,65.77 ms,7.08,2089.4,19.4,results match
201,578,0   32   32   32   32    8   32    8    2    1    2    0    0    0    0    1,32       8,4096    1024,OK      8 ms,66.48 ms,7.13,2067.2,19.3,results match
202,578,0   32   32   32   32    8   32    8    2    1    2    0    0    1    1    1,32       8,4096    1024,OK      9 ms,52.50 ms,5.78,2617.6,23.8,results match
203,578,0   32   32   32   32    8   32    8    2    1    4    0    0    0    0    1,32       8,4096    1024,OK      9 ms,58.73 ms,6.89,2340.1,20.0,results match
204,578,0   32   32   32   32    8   32    8    2    1    4    0    0    1    1    1,32       8,4096    1024,OK     11 ms,47.35 ms,5.41,2902.2,25.4,results match
205,578,0   32   32   32   32   16   32   16    2    1    1    0    0    0    0    1,32      16,4096    2048,OK     10 ms,109.03 ms,11.68,1260.4,11.8,results match
206,578,0   32   32   32   32   16   32   16    2    1    1    0    0    1    1    1,32      16,4096    2048,OK     11 ms,71.65 ms,7.64,1918.1,18.0,results match
207,578,0   32   32   32   32   16   32   16    2    1    2    0    0    0    0    1,32      16,4096    2048,OK     13 ms,83.44 ms,9.47,1647.0,14.5,results match
208,578,0   32   32   32   32   16   32   16    2    1    2    0    0    1    1    1,32      16,4096    2048,OK     45 ms,59.00 ms,6.40,2329.3,21.5,results match
209,578,0   32   32   32   32   32   32   32    2    1    1    0    0    0    0    1,32      32,4096    4096,OK     17 ms,139.00 ms,14.90,988.7,9.2,results match
210,578,0   32   32   32   32   32   32   32    2    1    1    0    0    1    1    1,32      32,4096    4096,OK     11 ms,86.05 ms,9.05,1596.9,15.2,results match
211,578,0   32   64   32    8    8    8    8    2    1    1    0    0    0    0    1,8       8,1024     512,OK      9 ms,34.93 ms,3.83,3934.3,35.9,results match
212,578,0   32   64   32    8    8    8    8    2    1    1    0    0    1    1    1,8       8,1024     512,OK     11 ms,39.02 ms,4.53,3521.7,30.3,results match
213,578,0   32   64   32    8    8    8    8    2    1    2    0    0    0    0    1,8       8,1024     512,OK     11 ms,33.52 ms,3.83,4099.9,35.9,results match
214,578,0   32   64   32    8    8    8    8    2    1    2    0    0    1    1    1,8       8,1024     512,OK     15 ms,33.56 ms,3.88,4094.7,35.4,results match
215,578,0   32   64   32    8    8    8    8    2    1    4    0    0    0    0    1,8       8,1024     512,OK     10 ms,32.40 ms,3.68,4241.2,37.4,results match
216,578,0   32   64   32    8    8    8    8    2    1    4    0    0    1    1    1,8       8,1024     512,OK     10 ms,31.92 ms,3.71,4305.6,37.0,results match
217,578,0   32   64   32    8    8    8    8    2    2    1    0    0    0    0    1,8       8,1024     512,OK      9 ms,34.30 ms,3.96,4006.9,34.7,results match
218,578,0   32   64   32    8    8    8    8    2    2    1    0    0    1    1    1,8       8,1024     512,OK      9 ms,32.86 ms,3.91,4182.6,35.2,results match
219,578,0   32   64   32    8    8    8    8    2    2    2    0    0    0    0    1,8       8,1024     512,OK      8 ms,31.88 ms,3.64,4310.4,37.7,results match
220,578,0   32   64   32    8    8    8    8    2    2    2    0    0    1    1    1,8       8,1024     512,OK      8 ms,31.89 ms,3.78,4309.3,36.4,results match
221,578,0   32   64   32    8    8    8    8    2    2    4    0    0    0    0    1,8       8,1024     512,OK      9 ms,30.89 ms,3.56,4448.2,38.6,results match
222,578,0   32   64   32    8    8    8    8    2    2    4    0    0    1    1    1,8       8,1024     512,OK     11 ms,29.63 ms,3.53,4637.3,38.9,results match
223,578,0   32   64   32    8    8    8    8    2    4    1    0    0    0    0    1,8       8,1024     512,OK      9 ms,33.00 ms,3.80,4164.8,36.1,results match
224,578,0   32   64   32    8    8    8    8    2    4    1    0    0    1    1    1,8       8,1024     512,OK      9 ms,29.82 ms,3.62,4608.8,38.0,results match
225,578,0   32   64   32    8    8    8    8    2    4    2    0    0    0    0    1,8       8,1024     512,OK     10 ms,31.19 ms,3.57,4406.3,38.5,results match
226,578,0   32   64   32    8    8    8    8    2    4    2    0    0    1    1    1,8       8,1024     512,OK     14 ms,29.25 ms,3.51,4697.9,39.1,results match
227,578,0   32   64   32    8    8    8    8    2    4    4    0    0    0    0    1,8       8,1024     512,OK     11 ms,29.65 ms,3.46,4634.2,39.7,results match
228,578,0   32   64   32    8    8    8    8    2    4    4    0    0    1    1    1,8       8,1024     512,OK     10 ms,28.97 ms,3.48,4743.3,39.5,results match
229,578,0   32   64   32    8   16    8   16    2    1    1    0    0    0    0    1,8      16,1024    1024,OK     10 ms,41.99 ms,4.60,3272.6,29.9,results match
230,578,0   32   64   32    8   16    8   16    2    1    1    0    0    1    1    1,8      16,1024    1024,OK      9 ms,39.17 ms,4.45,3508.0,30.9,results match
231,578,0   32   64   32    8   16    8   16    2    1    2    0    0    0    0    1,8      16,1024    1024,OK      9 ms,40.51 ms,4.50,3392.6,30.6,results match
232,578,0   32   64   32    8   16    8   16    2    1    2    0    0    1    1    1,8      16,1024    1024,OK      9 ms,35.59 ms,4.05,3861.4,33.9,results match
233,578,0   32   64   32    8   16    8   16    2    1    4    0    0    0    0    1,8      16,1024    1024,OK      8 ms,35.30 ms,4.06,3893.5,33.8,results match
234,578,0   32   64   32    8   16    8   16    2    1    4    0    0    1    1    1,8      16,1024    1024,OK     10 ms,33.49 ms,3.83,4103.2,35.8,results match
235,578,0   32   64   32    8   16    8   16    2    2    1    0    0    0    0    1,8      16,1024    1024,OK     10 ms,38.07 ms,4.19,3609.3,32.8,results match
236,578,0   32   64   32    8   16    8   16    2    2    1    0    0    1    1    1,8      16,1024    1024,OK     10 ms,33.84 ms,3.90,4060.7,35.3,results match
237,578,0   32   64   32    8   16    8   16    2    2    2    0    0    0    0    1,8      16,1024    1024,OK      9 ms,35.85 ms,3.94,3833.2,34.9,results match
238,578,0   32   64   32    8   16    8   16    2    2    2    0    0    1    1    1,8      16,1024    1024,OK      9 ms,32.88 ms,3.80,4180.1,36.2,results match
239,578,0   32   64   32    8   16    8   16    2    2    4    0    0    0    0    1,8      16,1024    1024,OK      9 ms,33.63 ms,3.94,4086.6,34.9,results match
240,578,0   32   64   32    8   16    8   16    2    2    4    0    0    1    1    1,8      16,1024    1024,OK     10 ms,31.53 ms,3.61,4358.1,38.0,results match
241,578,0   32   64   32    8   16    8   16    2    4    1    0    0    0    0    1,8      16,1024    1024,OK     10 ms,37.07 ms,4.29,3707.3,32.1,results match
242,578,0   32   64   32    8   16    8   16    2    4    1    0    0    1    1    1,8      16,1024    1024,OK     10 ms,31.06 ms,3.68,4424.2,37.4,results match
243,578,0   32   64   32    8   16    8   16    2    4    2    0    0    0    0    1,8      16,1024    1024,OK      9 ms,34.59 ms,3.87,3973.2,35.5,results match
244,578,0   32   64   32    8   16    8   16    2    4    2    0    0    1    1    1,8      16,1024    1024,OK     10 ms,30.54 ms,3.62,4499.4,38.0,results match
245,578,0   32   64   32    8   16    8   16    2    4    4    0    0    0    0    1,8      16,1024    1024,OK     12 ms,31.83 ms,3.79,4317.9,36.3,results match
246,578,0   32   64   32    8   16    8   16    2    4    4    0    0    1    1    1,8      16,1024    1024,OK      9 ms,29.72 ms,3.50,4624.1,39.2,results match
247,578,0   32   64   32    8   32    8   32    2    1    1    0    0    0    0    1,8      32,1024    2048,OK      9 ms,56.34 ms,6.14,2439.0,22.4,results match
248,578,0   32   64   32    8   32    8   32    2    1    1    0    0    1    1    1,8      32,1024    2048,OK      8 ms,46.39 ms,5.02,2962.4,27.3,results match
249,578,0   32   64   32    8   32    8   32    2    1    2    0    0    0    0    1,8      32,1024    2048,OK     10 ms,47.66 ms,5.36,2883.2,25.6,results match
250,578,0   32   64   32    8   32    8   32    2    1    2    0    0    1    1    1,8      32,1024    2048,OK     13 ms,41.20 ms,4.49,3335.2,30.6,results match
251,578,0   32   64   32    8   32    8   32    2    2    1    0    0    0    0    1,8      32,1024    2048,OK     16 ms,51.73 ms,5.75,2656.3,23.9,results match
252,578,0   32   64   32    8   32    8   32    2    2    1    0    0    1    1    1,8      32,1024    2048,OK     10 ms,38.85 ms,4.35,3537.4,31.6,results match
253,578,0   32   64   32    8   32    8   32    2    2    2    0    0    0    0    1,8      32,1024    2048,OK     11 ms,43.58 ms,5.02,3153.5,27.4,results match
254,578,0   32   64   32    8   32    8   32    2    2    2    0    0    1    1    1,8      32,1024    2048,OK     10 ms,37.16 ms,4.13,3697.8,33.3,results match
255,578,0   32   64   32    8   32    8   32    2    4    1    0    0    0    0    1,8      32,1024    2048,OK     10 ms,45.39 ms,4.96,3027.4,27.7,results match
256,578,0   32   64   32    8   32    8   32    2    4    1    0    0    1    1    1,8      32,1024    2048,OK      9 ms,36.07 ms,4.17,3809.5,33.0,results match
257,578,0   32   64   32    8   32    8   32    2    4    2    0    0    0    0    1,8      32,1024    2048,OK     11 ms,39.30 ms,4.64,3496.6,29.6,results match
258,578,0   32   64   32    8   32    8   32    2    4    2    0    0    1    1    1,8      32,1024    2048,OK      9 ms,34.58 ms,3.95,3974.3,34.8,results match
259,578,0   32   64   32   16    8   16    8    2    1    1    0    0    0    0    1,16       8,2048     512,OK     10 ms,45.85 ms,5.14,2997.3,26.7,results match
260,578,0   32   64   32   16    8   16    8    2    1    1    0    0    1    1    1,16       8,2048     512,OK      9 ms,44.10 ms,4.94,3115.9,27.8,results match
261,578,0   32   64   32   16    8   16    8    2    1    2    0    0    0    0    1,16       8,2048     512,OK     10 ms,39.99 ms,4.54,3436.1,30.3,results match
262,578,0   32   64   32   16    8   16    8    2    1    2    0    0    1    1    1,16       8,2048     512,OK      9 ms,36.49 ms,4.10,3766.3,33.5,results match
263,578,0   32   64   32   16    8   16    8    2    1    4    0    0    0    0    1,16       8,2048     512,OK      9 ms,38.04 ms,4.33,3612.7,31.8,results match
264,578,0   32   64   32   16    8   16    8    2    1    4    0    0    1    1    1,16       8,2048     512,OK     12 ms,33.82 ms,3.84,4063.8,35.8,results match
265,578,0   32   64   32   16    8   16    8    2    2    1    0    0    0    0    1,16       8,2048     512,OK      8 ms,43.79 ms,4.95,3138.1,27.8,results match
266,578,0   32   64   32   16    8   16    8    2    2    1    0    0    1    1    1,16       8,2048     512,OK     12 ms,35.40 ms,4.08,3882.4,33.7,results match
267,578,0   32   64   32   16    8   16    8    2    2    2    0    0    0    0    1,16       8,2048     512,OK      9 ms,37.55 ms,4.35,3659.7,31.6,results match
268,578,0   32   64   32   16    8   16    8    2    2    2    0    0    1    1    1,16       8,2048     512,OK      8 ms,34.33 ms,3.88,4003.3,35.4,results match
269,578,0   32   64   32   16    8   16    8    2    2    4    0    0    0    0    1,16       8,2048     512,OK      9 ms,35.54 ms,4.17,3866.5,33.0,results match
270,578,0   32   64   32   16    8   16    8    2    2    4    0    0    1    1    1,16       8,2048     512,OK     10 ms,31.19 ms,3.63,4405.7,37.9,results match
271,578,0   32   64   32   16   16   16   16    2    1    1    0    0    0    0    1,16      16,2048    1024,OK      9 ms,56.04 ms,6.12,2452.0,22.4,results match
272,578,0   32   64   32   16   16   16   16    2    1    1    0    0    1    1    1,16      16,2048    1024,OK      9 ms,46.80 ms,5.15,2936.5,26.7,results match
273,578,0   32   64   32   16   16   16   16    2    1    2    0    0    0    0    1,16      16,2048    1024,OK      9 ms,47.59 ms,5.31,2887.4,25.9,results match
274,578,0   32   64   32   16   16   16   16    2    1    2    0    0    1    1    1,16      16,2048    1024,OK     10 ms,40.11 ms,4.45,3426.5,30.9,results match
275,578,0   32   64   32   16   16   16   16    2    1    4    0    0    0    0    1,16      16,2048    1024,OK      9 ms,42.13 ms,4.88,3261.6,28.2,results match
276,578,0   32   64   32   16   16   16   16    2    1    4    0    0    1    1    1,16      16,2048    1024,OK     11 ms,36.90 ms,4.12,3724.1,33.3,results match
277,578,0   32   64   32   16   16   16   16    2    2    1    0    0    0    0    1,16      16,2048    1024,OK      9 ms,52.06 ms,5.64,2639.8,24.4,results match
278,578,0   32   64   32   16   16   16   16    2    2    1    0    0    1    1    1,16      16,2048    1024,OK      9 ms,37.30 ms,4.21,3684.6,32.6,results match
279,578,0   32   64   32   16   16   16   16    2    2    2    0    0    0    0    1,16      16,2048    1024,OK      8 ms,46.74 ms,5.34,2940.4,25.7,results match
280,578,0   32   64   32   16   16   16   16    2    2    2    0    0    1    1    1,16      16,2048    1024,OK     11 ms,36.81 ms,4.19,3733.1,32.8,results match
281,578,0   32   64   32   16   16   16   16    2    2    4    0    0    0    0    1,16      16,2048    1024,OK      9 ms,38.28 ms,4.48,3590.1,30.7,results match
282,578,0   32   64   32   16   16   16   16    2    2    4    0    0    1    1    1,16      16,2048    1024,OK      9 ms,34.40 ms,3.90,3994.9,35.2,results match
283,578,0   32   64   32   16   32   16   32    2    1    1    0    0    0    0    1,16      32,2048    2048,OK     11 ms,72.27 ms,7.83,1901.6,17.6,results match
284,578,0   32   64   32   16   32   16   32    2    1    1    0    0    1    1    1,16      32,2048    2048,OK      9 ms,54.54 ms,5.72,2519.6,24.0,results match
285,578,0   32   64   32   16   32   16   32    2    1    2    0    0    0    0    1,16      32,2048    2048,OK     10 ms,63.90 ms,6.97,2150.4,19.7,results match
286,578,0   32   64   32   16   32   16   32    2    1    2    0    0    1    1    1,16      32,2048    2048,OK      9 ms,46.31 ms,4.89,2967.5,28.1,results match
287,578,0   32   64   32   16   32   16   32    2    2    1    0    0    0    0    1,16      32,2048    2048,OK      8 ms,64.34 ms,7.06,2135.8,19.5,results match
288,578,0   32   64   32   16   32   16   32    2    2    1    0    0    1    1    1,16      32,2048    2048,OK     10 ms,44.01 ms,4.81,3122.7,28.6,results match
289,578,0   32   64   32   16   32   16   32    2    2    2    0    0    0    0    1,16      32,2048    2048,OK     10 ms,51.88 ms,5.93,2649.0,23.2,results match
290,578,0   32   64   32   16   32   16   32    2    2    2    0    0    1    1    1,16      32,2048    2048,OK     10 ms,41.84 ms,4.60,3284.6,29.9,results match
291,578,0   32   64   32   32    8   32    8    2    1    1    0    0    0    0    1,32       8,4096     512,OK     11 ms,70.12 ms,7.49,1959.8,18.4,results match
292,578,0   32   64   32   32    8   32    8    2    1    1    0    0    1    1    1,32       8,4096     512,OK      9 ms,58.68 ms,6.10,2341.9,22.5,results match
293,578,0   32   64   32   32    8   32    8    2    1    2    0    0    0    0    1,32       8,4096     512,OK      9 ms,53.93 ms,5.94,2548.3,23.1,results match
294,578,0   32   64   32   32    8   32    8    2    1    2    0    0    1    1    1,32       8,4096     512,OK     11 ms,44.90 ms,4.80,3060.3,28.6,results match
295,578,0   32   64   32   32    8   32    8    2    1    4    0    0    0    0    1,32       8,4096     512,OK     10 ms,50.72 ms,5.72,2709.4,24.0,results match
296,578,0   32   64   32   32    8   32    8    2    1    4    0    0    1    1    1,32       8,4096     512,OK     10 ms,40.20 ms,4.39,3418.5,31.3,results match
297,578,0   32   64   32   32   16   32   16    2    1    1    0    0    0    0    1,32      16,4096    1024,OK     10 ms,81.14 ms,8.53,1693.6,16.1,results match
298,578,0   32   64   32   32   16   32   16    2    1    1    0    0    1    1    1,32      16,4096    1024,OK     10 ms,61.11 ms,6.37,2248.8,21.6,results match
299,578,0   32   64   32   32   16   32   16    2    1    2    0    0    0    0    1,32      16,4096    1024,OK     12 ms,65.70 ms,6.99,2091.5,19.7,results match
300,578,0   32   64   32   32   16   32   16    2    1    2    0    0    1    1    1,32      16,4096    1024,OK     10 ms,48.41 ms,5.12,2838.6,26.8,results match
301,578,0   32   64   32   32   16   32   16    2    1    4    0    0    0    0    1,32      16,4096    1024,OK     11 ms,56.63 ms,6.40,2426.6,21.5,results match
302,578,0   32   64   32   32   16   32   16    2    1    4    0    0    1    1    1,32      16,4096    1024,OK     10 ms,43.32 ms,4.66,3172.0,29.5,results match
303,578,0   32   64   32   32   32   32   32    2    1    1    0    0    0    0    1,32      32,4096    2048,OK     10 ms,106.34 ms,11.05,1292.3,12.4,results match
304,578,0   32   64   32   32   32   32   32    2    1    1    0    0    1    1    1,32      32,4096    2048,OK     11 ms,67.56 ms,6.95,2034.1,19.8,results match
305,578,0   32   64   32   32   32   32   32    2    1    2    0    0    0    0    1,32      32,4096    2048,OK      9 ms,81.22 ms,8.86,1692.0,15.5,results match
306,578,0   32   64   32   32   32   32   32    2    1    2    0    0    1    1    1,32      32,4096    2048,OK     10 ms,54.47 ms,5.69,2522.7,24.2,results match
307,578,0   64   16   32    8    8    8    8    2    1    1    0    0    0    0    1,8       8,512    2048,OK      8 ms,56.66 ms,6.85,2425.3,20.1,results match
308,578,0   64   16   32    8    8    8    8    2    1    1    0    0    1    1    1,8       8,512    2048,OK      9 ms,65.05 ms,7.77,2112.5,17.7,results match
309,578,0   64   16   32    8    8    8    8    2    1    2    0    0    0    0    1,8       8,512    2048,OK     10 ms,54.08 ms,6.69,2541.2,20.5,results match
310,578,0   64   16   32    8    8    8    8    2    1    2    0    0    1    1    1,8       8,512    2048,OK     10 ms,61.51 ms,7.37,2234.2,18.7,results match
311,578,0   64   16   32    8    8    8    8    2    2    1    0    0    0    0    1,8       8,512    2048,OK     10 ms,48.81 ms,5.81,2815.6,23.7,results match
312,578,0   64   16   32    8    8    8    8    2    2    1    0    0    1    1    1,8       8,512    2048,OK     10 ms,53.11 ms,6.65,2587.4,20.7,results match
313,578,0   64   16   32    8    8    8    8    2    2    2    0    0    0    0    1,8       8,512    2048,OK      9 ms,45.41 ms,5.46,3026.2,25.1,results match
314,578,0   64   16   32    8    8    8    8    2    2    2    0    0    1    1    1,8       8,512    2048,OK      9 ms,51.58 ms,6.41,2664.1,21.4,results match
315,578,0   64   16   32    8    8    8    8    2    4    1    0    0    0    0    1,8       8,512    2048,OK      9 ms,43.88 ms,5.25,3131.6,26.2,results match
316,578,0   64   16   32    8    8    8    8    2    4    1    0    0    1    1    1,8       8,512    2048,OK     10 ms,47.66 ms,6.15,2883.5,22.3,results match
317,578,0   64   16   32    8    8    8    8    2    4    2    0    0    0    0    1,8       8,512    2048,OK      9 ms,42.63 ms,5.35,3223.5,25.7,results match
318,578,0   64   16   32    8    8    8    8    2    4    2    0    0    1    1    1,8       8,512    2048,OK     10 ms,46.86 ms,6.04,2932.8,22.7,results match
319,578,0   64   16   32    8   16    8   16    2    1    1    0    0    0    0    1,8      16,512    4096,OK      9 ms,80.40 ms,9.35,1709.2,14.7,results match
320,578,0   64   16   32    8   16    8   16    2    1    1    0    0    1    1    1,8      16,512    4096,OK      9 ms,88.31 ms,9.52,1556.1,14.4,results match
321,578,0   64   16   32    8   16    8   16    2    2    1    0    0    0    0    1,8      16,512    4096,OK      9 ms,70.91 ms,8.39,1938.1,16.4,results match
322,578,0   64   16   32    8   16    8   16    2    2    1    0    0    1    1    1,8      16,512    4096,OK      9 ms,74.22 ms,8.43,1851.4,16.3,results match
323,578,0   64   16   32    8   16    8   16    2    4    1    0    0    0    0    1,8      16,512    4096,OK      9 ms,64.40 ms,7.92,2133.7,17.4,results match
324,578,0   64   16   32    8   16    8   16    2    4    1    0    0    1    1    1,8      16,512    4096,OK     10 ms,67.02 ms,7.96,2050.4,17.3,results match
325,578,0   64   16   32   16    8   16    8    2    1    1    0    0    0    0    1,16       8,1024    2048,OK     13 ms,61.29 ms,7.28,2242.0,18.9,results match
326,578,0   64   16   32   16    8   16    8    2    1    1    0    0    1    1    1,16       8,1024    2048,OK     22 ms,63.66 ms,7.46,2158.6,18.4,results match
327,578,0   64   16   32   16    8   16    8    2    1    2    0    0    0    0    1,16       8,1024    2048,OK     12 ms,54.84 ms,6.73,2506.0,20.4,results match
328,578,0   64   16   32   16    8   16    8    2    1    2    0    0    1    1    1,16       8,1024    2048,OK     10 ms,58.79 ms,6.95,2337.5,19.8,results match
329,578,0   64   16   32   16    8   16    8    2    2    1    0    0    0    0    1,16       8,1024    2048,OK     10 ms,59.15 ms,7.24,2323.2,19.0,results match
330,578,0   64   16   32   16    8   16    8    2    2    1    0    0    1    1    1,16       8,1024    2048,OK     10 ms,52.55 ms,6.44,2615.3,21.4,results match
331,578,0   64   16   32   16    8   16    8    2    2    2    0    0    0    0    1,16       8,1024    2048,OK     12 ms,52.62 ms,6.66,2611.4,20.6,results match
332,578,0   64   16   32   16    8   16    8    2    2    2    0    0    1    1    1,16       8,1024    2048,OK     11 ms,51.55 ms,6.36,2665.6,21.6,results match
333,578,0   64   16   32   16    8   16    8    2    4    1    0    0    0    0    1,16       8,1024    2048,OK     11 ms,47.25 ms,5.24,2908.2,26.2,results match
334,578,0   64   16   32   16    8   16    8    2    4    1    0    0    1    1    1,16       8,1024    2048,OK     10 ms,45.46 ms,5.91,3022.7,23.3,results match
335,578,0   64   16   32   16    8   16    8    2    4    2    0    0    0    0    1,16       8,1024    2048,OK     10 ms,45.33 ms,5.69,3031.4,24.1,results match
336,578,0   64   16   32   16    8   16    8    2    4    2    0    0    1    1    1,16       8,1024    2048,OK      9 ms,44.63 ms,5.75,3079.4,23.9,results match
337,578,0   64   16   32   16   16   16   16    2    1    1    0    0    0    0    1,16      16,1024    4096,OK     10 ms,86.95 ms,10.15,1580.6,13.5,results match
338,578,0   64   16   32   16   16   16   16    2    1    1    0    0    1    1    1,16      16,1024    4096,OK     12 ms,82.22 ms,9.23,1671.5,14.9,results match
339,578,0   64   16   32   16   16   16   16    2    2    1    0    0    0    0    1,16      16,1024    4096,OK     18 ms,76.54 ms,9.26,1795.5,14.8,results match
340,578,0   64   16   32   16   16   16   16    2    2    1    0    0    1    1    1,16      16,1024    4096,OK     15 ms,72.99 ms,8.46,1882.7,16.2,results match
341,578,0   64   16   32   16   16   16   16    2    4    1    0    0    0    0    1,16      16,1024    4096,OK     13 ms,63.72 ms,7.89,2156.8,17.4,results match
342,578,0   64   16   32   16   16   16   16    2    4    1    0    0    1    1    1,16      16,1024    4096,OK     10 ms,56.14 ms,6.90,2448.1,19.9,results match
343,578,0   64   16   32   32    8   32    8    2    1    1    0    0    0    0    1,32       8,2048    2048,OK     10 ms,78.84 ms,9.30,1743.1,14.8,results match
344,578,0   64   16   32   32    8   32    8    2    1    1    0    0    1    1    1,32       8,2048    2048,OK      9 ms,68.89 ms,7.96,1994.7,17.3,results match
345,578,0   64   16   32   32    8   32    8    2    1    2    0    0    0    0    1,32       8,2048    2048,OK      9 ms,71.58 ms,8.60,1919.8,16.0,results match
346,578,0   64   16   32   32    8   32    8    2    1    2    0    0    1    1    1,32       8,2048    2048,OK     10 ms,60.81 ms,7.17,2259.9,19.2,results match
347,578,0   64   16   32   32    8   32    8    2    2    1    0    0    0    0    1,32       8,2048    2048,OK      8 ms,70.73 ms,8.37,1942.8,16.4,results match
348,578,0   64   16   32   32    8   32    8    2    2    1    0    0    1    1    1,32       8,2048    2048,OK      9 ms,51.55 ms,6.26,2665.7,22.0,results match
349,578,0   64   16   32   32    8   32    8    2    2    2    0    0    0    0    1,32       8,2048    2048,OK      9 ms,57.56 ms,7.05,2387.3,19.5,results match
350,578,0   64   16   32   32    8   32    8    2    2    2    0    0    1    1    1,32       8,2048    2048,OK      9 ms,50.31 ms,6.21,2731.7,22.1,results match
351,578,0   64   16   32   32   16   32   16    2    1    1    0    0    0    0    1,32      16,2048    4096,OK     10 ms,110.68 ms,12.73,1241.7,10.8,results match
352,578,0   64   16   32   32   16   32   16    2    1    1    0    0    1    1    1,32      16,2048    4096,OK      9 ms,87.88 ms,9.86,1563.8,13.9,results match
353,578,0   64   16   32   32   16   32   16    2    2    1    0    0    0    0    1,32      16,2048    4096,OK      8 ms,88.06 ms,10.40,1560.5,13.2,results match
354,578,0   64   16   32   32   16   32   16    2    2    1    0    0    1    1    1,32      16,2048    4096,OK     11 ms,69.02 ms,8.05,1991.0,17.1,results match
355,578,0   64   32   32    8    8    8    8    2    1    1    0    0    0    0    1,8       8,512    1024,OK     10 ms,39.51 ms,4.64,3478.5,29.6,results match
356,578,0   64   32   32    8    8    8    8    2    1    1    0    0    1    1    1,8       8,512    1024,OK      8 ms,42.94 ms,5.09,3200.5,27.0,results match
357,578,0   64   32   32    8    8    8    8    2    1    2    0    0    0    0    1,8       8,512    1024,OK     11 ms,37.43 ms,4.39,3671.9,31.3,results match
358,578,0   64   32   32    8    8    8    8    2    1    2    0    0    1    1    1,8       8,512    1024,OK     10 ms,40.49 ms,4.78,3393.7,28.7,results match
359,578,0   64   32   32    8    8    8    8    2    1    4    0    0    0    0    1,8       8,512    1024,OK      9 ms,34.83 ms,4.10,3945.6,33.5,results match
360,578,0   64   32   32    8    8    8    8    2    1    4    0    0    1    1    1,8       8,512    1024,OK     10 ms,39.32 ms,4.69,3494.6,29.3,results match
361,578,0   64   32   32    8    8    8    8    2    2    1    0    0    0    0    1,8       8,512    1024,OK     11 ms,34.42 ms,4.02,3992.7,34.1,results match
362,578,0   64   32   32    8    8    8    8    2    2    1    0    0    1    1    1,8       8,512    1024,OK     10 ms,35.85 ms,4.37,3833.5,31.5,results match
363,578,0   64   32   32    8    8    8    8    2    2    2    0    0    0    0    1,8       8,512    1024,OK     10 ms,34.61 ms,4.07,3970.9,33.7,results match
364,578,0   64   32   32    8    8    8    8    2    2    2    0    0    1    1    1,8       8,512    1024,OK     10 ms,35.65 ms,4.35,3854.2,31.6,results match
365,578,0   64   32   32    8    8    8    8    2    2    4    0    0    0    0    1,8       8,512    1024,OK      9 ms,32.17 ms,3.78,4271.2,36.3,results match
366,578,0   64   32   32    8    8    8    8    2    2    4    0    0    1    1    1,8       8,512    1024,OK     10 ms,34.69 ms,4.25,3961.9,32.3,results match
367,578,0   64   32   32    8    8    8    8    2    4    1    0    0    0    0    1,8       8,512    1024,OK     10 ms,33.81 ms,4.06,4064.7,33.9,results match
368,578,0   64   32   32    8    8    8    8    2    4    1    0    0    1    1    1,8       8,512    1024,OK      9 ms,32.72 ms,4.11,4199.6,33.5,results match
369,578,0   64   32   32    8    8    8    8    2    4    2    0    0    0    0    1,8       8,512    1024,OK      9 ms,32.37 ms,3.82,4245.9,35.9,results match
370,578,0   64   32   32    8    8    8    8    2    4    2    0    0    1    1    1,8       8,512    1024,OK      8 ms,32.49 ms,4.06,4229.0,33.8,results match
371,578,0   64   32   32    8    8    8    8    2    4    4    0    0    0    0    1,8       8,512    1024,OK      9 ms,29.59 ms,3.55,4644.4,38.7,results match
372,578,0   64   32   32    8    8    8    8    2    4    4    0    0    1    1    1,8       8,512    1024,OK      9 ms,32.06 ms,4.01,4286.3,34.2,results match
373,578,0   64   32   32    8   16    8   16    2    1    1    0    0    0    0    1,8      16,512    2048,OK      8 ms,50.50 ms,5.62,2721.4,24.5,results match
374,578,0   64   32   32    8   16    8   16    2    1    1    0    0    1    1    1,8      16,512    2048,OK     11 ms,51.54 ms,5.70,2666.2,24.1,results match
375,578,0   64   32   32    8   16    8   16    2    1    2    0    0    0    0    1,8      16,512    2048,OK     11 ms,47.73 ms,5.40,2878.9,25.5,results match
376,578,0   64   32   32    8   16    8   16    2    1    2    0    0    1    1    1,8      16,512    2048,OK     10 ms,48.31 ms,5.39,2844.8,25.5,results match
377,578,0   64   32   32    8   16    8   16    2    2    1    0    0    0    0    1,8      16,512    2048,OK     11 ms,45.97 ms,5.29,2989.6,26.0,results match
378,578,0   64   32   32    8   16    8   16    2    2    1    0    0    1    1    1,8      16,512    2048,OK     11 ms,43.60 ms,5.02,3152.0,27.4,results match
379,578,0   64   32   32    8   16    8   16    2    2    2    0    0    0    0    1,8      16,512    2048,OK     11 ms,42.73 ms,4.95,3216.1,27.8,results match
380,578,0   64   32   32    8   16    8   16    2    2    2    0    0    1    1    1,8      16,512    2048,OK      9 ms,41.79 ms,4.80,3288.1,28.6,results match
381,578,0   64   32   32    8   16    8   16    2    4    1    0    0    0    0    1,8      16,512    2048,OK      9 ms,42.53 ms,5.01,3231.4,27.4,results match
382,578,0   64   32   32    8   16    8   16    2    4    1    0    0    1    1    1,8      16,512    2048,OK      9 ms,39.44 ms,4.70,3484.4,29.2,results match
383,578,0   64   32   32    8   16    8   16    2    4    2    0    0    0    0    1,8      16,512    2048,OK      8 ms,39.40 ms,4.69,3487.4,29.3,results match
384,578,0   64   32   32    8   16    8   16    2    4    2    0    0    1    1    1,8      16,512    2048,OK      9 ms,39.12 ms,4.64,3512.6,29.6,results match
385,578,0   64   32   32    8   32    8   32    2    1    1    0    0    0    0    1,8      32,512    4096,OK     11 ms,76.12 ms,8.41,1805.4,16.3,results match
386,578,0   64   32   32    8   32    8   32    2    1    1    0    0    1    1    1,8      32,512    4096,OK      8 ms,73.70 ms,7.62,1864.6,18.0,results match
387,578,0   64   32   32    8   32    8   32    2    2    1    0    0    0    0    1,8      32,512    4096,OK     10 ms,65.71 ms,7.34,2091.3,18.7,results match
388,578,0   64   32   32    8   32    8   32    2    2    1    0    0    1    1    1,8      32,512    4096,OK     10 ms,65.07 ms,7.04,2111.8,19.5,results match
389,578,0   64   32   32    8   32    8   32    2    4    1    0    0    0    0    1,8      32,512    4096,OK      9 ms,60.32 ms,7.01,2278.2,19.6,results match
390,578,0   64   32   32    8   32    8   32    2    4    1    0    0    1    1    1,8      32,512    4096,OK     10 ms,60.76 ms,6.78,2261.8,20.3,results match
391,578,0   64   32   32   16    8   16    8    2    1    1    0    0    0    0    1,16       8,1024    1024,OK      8 ms,42.77 ms,4.77,3213.2,28.8,results match
392,578,0   64   32   32   16    8   16    8    2    1    1    0    0    1    1    1,16       8,1024    1024,OK      9 ms,42.93 ms,4.98,3200.9,27.6,results match
393,578,0   64   32   32   16    8   16    8    2    1    2    0    0    0    0    1,16       8,1024    1024,OK      8 ms,41.98 ms,4.82,3273.9,28.5,results match
394,578,0   64   32   32   16    8   16    8    2    1    2    0    0    1    1    1,16       8,1024    1024,OK      9 ms,39.87 ms,4.62,3446.7,29.7,results match
395,578,0   64   32   32   16    8   16    8    2    1    4    0    0    0    0    1,16       8,1024    1024,OK      9 ms,37.27 ms,4.44,3687.1,30.9,results match
396,578,0   64   32   32   16    8   16    8    2    1    4    0    0    1    1    1,16       8,1024    1024,OK     10 ms,38.22 ms,4.47,3595.7,30.7,results match
397,578,0   64   32   32   16    8   16    8    2    2    1    0    0    0    0    1,16       8,1024    1024,OK      9 ms,40.45 ms,4.70,3397.5,29.3,results match
398,578,0   64   32   32   16    8   16    8    2    2    1    0    0    1    1    1,16       8,1024    1024,OK     10 ms,36.49 ms,4.36,3765.9,31.5,results match
399,578,0   64   32   32   16    8   16    8    2    2    2    0    0    0    0    1,16       8,1024    1024,OK     10 ms,37.92 ms,4.40,3624.3,31.3,results match
400,578,0   64   32   32   16    8   16    8    2    2    2    0    0    1    1    1,16       8,1024    1024,OK     10 ms,35.87 ms,4.29,3831.1,32.0,results match
401,578,0   64   32   32   16    8   16    8    2    2    4    0    0    0    0    1,16       8,1024    1024,OK     10 ms,34.70 ms,4.19,3960.1,32.8,results match
402,578,0   64   32   32   16    8   16    8    2    2    4    0    0    1    1    1,16       8,1024    1024,OK     12 ms,34.56 ms,4.13,3976.2,33.3,results match
403,578,0   64   32   32   16    8   16    8    2    4    1    0    0    0    0    1,16       8,1024    1024,OK     10 ms,39.18 ms,4.59,3507.1,30.0,results match
404,578,0   64   32   32   16    8   16    8    2    4    1    0    0    1    1    1,16       8,1024    1024,OK     17 ms,32.19 ms,3.98,4268.7,34.5,results match
405,578,0   64   32   32   16    8   16    8    2    4    2    0    0    0    0    1,16       8,1024    1024,OK      9 ms,34.78 ms,3.87,3951.4,35.5,results match
406,578,0   64   32   32   16    8   16    8    2    4    2    0    0    1    1    1,16       8,1024    1024,OK     11 ms,32.09 ms,3.95,4282.6,34.8,results match
407,578,0   64   32   32   16    8   16    8    2    4    4    0    0    0    0    1,16       8,1024    1024,OK      9 ms,33.40 ms,4.06,4114.4,33.8,results match
408,578,0   64   32   32   16    8   16    8    2    4    4    0    0    1    1    1,16       8,1024    1024,OK     10 ms,31.59 ms,3.86,4350.8,35.6,results match
409,578,0   64   32   32   16   16   16   16    2    1    1    0    0    0    0    1,16      16,1024    2048,OK     10 ms,58.36 ms,6.61,2354.7,20.8,results match
410,578,0   64   32   32   16   16   16   16    2    1    1    0    0    1    1    1,16      16,1024    2048,OK     10 ms,53.75 ms,5.91,2556.6,23.2,results match
411,578,0   64   32   32   16   16   16   16    2    1    2    0    0    0    0    1,16      16,1024    2048,OK     10 ms,50.96 ms,5.91,2696.6,23.3,results match
412,578,0   64   32   32   16   16   16   16    2    1    2    0    0    1    1    1,16      16,1024    2048,OK     38 ms,48.64 ms,5.43,2825.2,25.3,results match
413,578,0   64   32   32   16   16   16   16    2    2    1    0    0    0    0    1,16      16,1024    2048,OK     12 ms,54.95 ms,6.42,2501.1,21.4,results match
414,578,0   64   32   32   16   16   16   16    2    2    1    0    0    1    1    1,16      16,1024    2048,OK      9 ms,45.38 ms,5.26,3028.4,26.1,results match
415,578,0   64   32   32   16   16   16   16    2    2    2    0    0    0    0    1,16      16,1024    2048,OK      9 ms,48.23 ms,5.73,2849.3,24.0,results match
416,578,0   64   32   32   16   16   16   16    2    2    2    0    0    1    1    1,16      16,1024    2048,OK     12 ms,43.99 ms,5.09,3124.1,27.0,results match
417,578,0   64   32   32   16   16   16   16    2    4    1    0    0    0    0    1,16      16,1024    2048,OK      9 ms,45.25 ms,5.01,3036.8,27.4,results match
418,578,0   64   32   32   16   16   16   16    2    4    1    0    0    1    1    1,16      16,1024    2048,OK      9 ms,37.73 ms,4.53,3641.9,30.3,results match
419,578,0   64   32   32   16   16   16   16    2    4    2    0    0    0    0    1,16      16,1024    2048,OK     10 ms,41.26 ms,5.04,3330.6,27.3,results match
420,578,0   64   32   32   16   16   16   16    2    4    2    0    0    1    1    1,16      16,1024    2048,OK     10 ms,36.17 ms,4.29,3799.5,32.0,results match
421,578,0   64   32   32   16   32   16   32    2    1    1    0    0    0    0    1,16      32,1024    4096,OK     20 ms,82.74 ms,9.16,1661.0,15.0,results match
422,578,0   64   32   32   16   32   16   32    2    1    1    0    0    1    1    1,16      32,1024    4096,OK     22 ms,72.66 ms,7.56,1891.3,18.2,results match
423,578,0   64   32   32   16   32   16   32    2    2    1    0    0    0    0    1,16      32,1024    4096,OK      9 ms,71.81 ms,8.26,1913.6,16.6,results match
424,578,0   64   32   32   16   32   16   32    2    2    1    0    0    1    1    1,16      32,1024    4096,OK     10 ms,66.48 ms,7.27,2067.2,18.9,results match
425,578,0   64   32   32   16   32   16   32    2    4    1    0    0    0    0    1,16      32,1024    4096,OK     17 ms,58.72 ms,6.88,2340.4,20.0,results match
426,578,0   64   32   32   16   32   16   32    2    4    1    0    0    1    1    1,16      32,1024    4096,OK     10 ms,50.05 ms,5.82,2745.7,23.6,results match
427,578,0   64   32   32   32    8   32    8    2    1    1    0    0    0    0    1,32       8,2048    1024,OK     19 ms,57.03 ms,6.34,2409.8,21.7,results match
428,578,0   64   32   32   32    8   32    8    2    1    1    0    0    1    1    1,32       8,2048    1024,OK      9 ms,49.48 ms,5.50,2777.5,25.0,results match
429,578,0   64   32   32   32    8   32    8    2    1    2    0    0    0    0    1,32       8,2048    1024,OK     11 ms,49.73 ms,5.72,2763.2,24.0,results match
430,578,0   64   32   32   32    8   32    8    2    1    2    0    0    1    1    1,32       8,2048    1024,OK     11 ms,43.12 ms,4.97,3187.1,27.6,results match
431,578,0   64   32   32   32    8   32    8    2    1    4    0    0    0    0    1,32       8,2048    1024,OK     15 ms,44.68 ms,5.32,3075.8,25.8,results match
432,578,0   64   32   32   32    8   32    8    2    1    4    0    0    1    1    1,32       8,2048    1024,OK     10 ms,40.79 ms,4.75,3369.1,28.9,results match
433,578,0   64   32   32   32    8   32    8    2    2    1    0    0    0    0    1,32       8,2048    1024,OK     10 ms,51.63 ms,5.55,2661.5,24.8,results match
434,578,0   64   32   32   32    8   32    8    2    2    1    0    0    1    1    1,32       8,2048    1024,OK      9 ms,38.15 ms,4.45,3602.4,30.9,results match
435,578,0   64   32   32   32    8   32    8    2    2    2    0    0    0    0    1,32       8,2048    1024,OK     10 ms,48.89 ms,5.71,2810.7,24.1,results match
436,578,0   64   32   32   32    8   32    8    2    2    2    0    0    1    1    1,32       8,2048    1024,OK     15 ms,38.07 ms,4.41,3609.9,31.2,results match
437,578,0   64   32   32   32    8   32    8    2    2    4    0    0    0    0    1,32       8,2048    1024,OK     20 ms,40.63 ms,4.89,3382.2,28.1,results match
438,578,0   64   32   32   32    8   32    8    2    2    4    0    0    1    1    1,32       8,2048    1024,OK     10 ms,35.16 ms,4.19,3908.2,32.8,results match
439,578,0   64   32   32   32   16   32   16    2    1    1    0    0    0    0    1,32      16,2048    2048,OK     11 ms,74.30 ms,8.34,1849.7,16.5,results match
440,578,0   64   32   32   32   16   32   16    2    1    1    0    0    1    1    1,32      16,2048    2048,OK     10 ms,59.65 ms,6.53,2303.9,21.1,results match
441,578,0   64   32   32   32   16   32   16    2    1    2    0    0    0    0    1,32      16,2048    2048,OK      9 ms,67.44 ms,7.64,2037.7,18.0,results match
442,578,0   64   32   32   32   16   32   16    2    1    2    0    0    1    1    1,32      16,2048    2048,OK     12 ms,52.40 ms,5.78,2622.4,23.8,results match
443,578,0   64   32   32   32   16   32   16    2    2    1    0    0    0    0    1,32      16,2048    2048,OK     23 ms,65.94 ms,7.39,2084.2,18.6,results match
444,578,0   64   32   32   32   16   32   16    2    2    1    0    0    1    1    1,32      16,2048    2048,OK     10 ms,44.45 ms,5.11,3091.3,26.9,results match
445,578,0   64   32   32   32   16   32   16    2    2    2    0    0    0    0    1,32      16,2048    2048,OK      9 ms,53.33 ms,6.26,2576.9,22.0,results match
446,578,0   64   32   32   32   16   32   16    2    2    2    0    0    1    1    1,32      16,2048    2048,OK     12 ms,43.29 ms,4.99,3174.6,27.6,results match
447,578,0   64   32   32   32   32   32   32    2    1    1    0    0    0    0    1,32      32,2048    4096,OK     10 ms,105.06 ms,11.45,1308.0,12.0,results match
448,578,0   64   32   32   32   32   32   32    2    1    1    0    0    1    1    1,32      32,2048    4096,OK      9 ms,77.23 ms,8.20,1779.5,16.8,results match
449,578,0   64   32   32   32   32   32   32    2    2    1    0    0    0    0    1,32      32,2048    4096,OK     11 ms,82.74 ms,9.34,1660.9,14.7,results match
450,578,0   64   32   32   32   32   32   32    2    2    1    0    0    1    1    1,32      32,2048    4096,OK      9 ms,61.05 ms,6.80,2251.1,20.2,results match
451,578,0   64   64   32    8    8    8    8    2    1    1    0    0    0    0    1,8       8,512     512,OK      9 ms,32.45 ms,3.64,4235.4,37.7,results match
452,578,0   64   64   32    8    8    8    8    2    1    1    0    0    1    1    1,8       8,512     512,OK      9 ms,36.91 ms,4.10,3722.8,33.5,results match
453,578,0   64   64   32    8    8    8    8    2    1    2    0    0    0    0    1,8       8,512     512,OK     10 ms,31.27 ms,3.46,4395.0,39.7,results match
454,578,0   64   64   32    8    8    8    8    2    1    2    0    0    1    1    1,8       8,512     512,OK      9 ms,33.30 ms,3.70,4126.7,37.2,results match
455,578,0   64   64   32    8    8    8    8    2    1    4    0    0    0    0    1,8       8,512     512,OK     11 ms,30.54 ms,3.42,4500.1,40.1,results match
456,578,0   64   64   32    8    8    8    8    2    1    4    0    0    1    1    1,8       8,512     512,OK     28 ms,32.39 ms,3.62,4242.7,38.0,results match
457,578,0   64   64   32    8    8    8    8    2    2    1    0    0    0    0    1,8       8,512     512,OK     12 ms,29.08 ms,3.38,4725.2,40.7,results match
458,578,0   64   64   32    8    8    8    8    2    2    1    0    0    1    1    1,8       8,512     512,OK     10 ms,30.84 ms,3.51,4456.4,39.1,results match
459,578,0   64   64   32    8    8    8    8    2    2    2    0    0    0    0    1,8       8,512     512,OK     10 ms,27.76 ms,3.28,4950.1,41.9,results match
460,578,0   64   64   32    8    8    8    8    2    2    2    0    0    1    1    1,8       8,512     512,OK     10 ms,29.97 ms,3.42,4585.2,40.2,results match
461,578,0   64   64   32    8    8    8    8    2    2    4    0    0    0    0    1,8       8,512     512,OK     11 ms,26.86 ms,3.12,5115.7,44.0,results match
462,578,0   64   64   32    8    8    8    8    2    2    4    0    0    1    1    1,8       8,512     512,OK     14 ms,27.76 ms,3.19,4949.7,43.1,results match
463,578,0   64   64   32    8    8    8    8    2    4    1    0    0    0    0    1,8       8,512     512,OK      9 ms,28.59 ms,3.34,4807.4,41.1,results match
464,578,0   64   64   32    8    8    8    8    2    4    1    0    0    1    1    1,8       8,512     512,OK     10 ms,28.93 ms,3.36,4750.6,40.9,results match
465,578,0   64   64   32    8    8    8    8    2    4    2    0    0    0    0    1,8       8,512     512,OK      9 ms,26.55 ms,3.17,5176.5,43.4,results match
466,578,0   64   64   32    8    8    8    8    2    4    2    0    0    1    1    1,8       8,512     512,OK     10 ms,26.71 ms,3.13,5145.3,44.0,results match
467,578,0   64   64   32    8    8    8    8    2    4    4    0    0    0    0    1,8       8,512     512,OK      9 ms,26.19 ms,3.10,5246.6,44.3,results match
468,578,0   64   64   32    8    8    8    8    2    4    4    0    0    1    1    1,8       8,512     512,OK      9 ms,26.45 ms,3.09,5195.7,44.5,results match
469,578,0   64   64   32    8   16    8   16    2    1    1    0    0    0    0    1,8      16,512    1024,OK     11 ms,34.99 ms,3.83,3927.2,35.9,results match
470,578,0   64   64   32    8   16    8   16    2    1    1    0    0    1    1    1,8      16,512    1024,OK     10 ms,35.43 ms,3.90,3879.2,35.3,results match
471,578,0   64   64   32    8   16    8   16    2    1    2    0    0    0    0    1,8      16,512    1024,OK     10 ms,33.77 ms,3.65,4069.0,37.6,results match
472,578,0   64   64   32    8   16    8   16    2    1    2    0    0    1    1    1,8      16,512    1024,OK     10 ms,33.48 ms,3.71,4104.1,37.1,results match
473,578,0   64   64   32    8   16    8   16    2    1    4    0    0    0    0    1,8      16,512    1024,OK     10 ms,31.80 ms,3.46,4321.0,39.8,results match
474,578,0   64   64   32    8   16    8   16    2    1    4    0    0    1    1    1,8      16,512    1024,OK     10 ms,32.44 ms,3.59,4236.7,38.2,results match
475,578,0   64   64   32    8   16    8   16    2    2    1    0    0    0    0    1,8      16,512    1024,OK     10 ms,32.35 ms,3.65,4248.0,37.7,results match
476,578,0   64   64   32    8   16    8   16    2    2    1    0    0    1    1    1,8      16,512    1024,OK     11 ms,30.89 ms,3.51,4449.4,39.2,results match
477,578,0   64   64   32    8   16    8   16    2    2    2    0    0    0    0    1,8      16,512    1024,OK     62 ms,31.42 ms,3.42,4373.3,40.2,results match
478,578,0   64   64   32    8   16    8   16    2    2    2    0    0    1    1    1,8      16,512    1024,OK     11 ms,29.85 ms,3.35,4603.2,41.1,results match
479,578,0   64   64   32    8   16    8   16    2    2    4    0    0    0    0    1,8      16,512    1024,OK     10 ms,29.39 ms,3.29,4676.3,41.8,results match
480,578,0   64   64   32    8   16    8   16    2    2    4    0    0    1    1    1,8      16,512    1024,OK     11 ms,29.41 ms,3.38,4671.8,40.7,results match
481,578,0   64   64   32    8   16    8   16    2    4    1    0    0    0    0    1,8      16,512    1024,OK     13 ms,30.85 ms,3.47,4455.2,39.6,results match
482,578,0   64   64   32    8   16    8   16    2    4    1    0    0    1    1    1,8      16,512    1024,OK     10 ms,28.69 ms,3.37,4789.6,40.7,results match
483,578,0   64   64   32    8   16    8   16    2    4    2    0    0    0    0    1,8      16,512    1024,OK     11 ms,30.59 ms,3.50,4493.0,39.2,results match
484,578,0   64   64   32    8   16    8   16    2    4    2    0    0    1    1    1,8      16,512    1024,OK     11 ms,28.31 ms,3.30,4854.3,41.6,results match
485,578,0   64   64   32    8   16    8   16    2    4    4    0    0    0    0    1,8      16,512    1024,OK     10 ms,27.54 ms,3.17,4990.6,43.3,results match
486,578,0   64   64   32    8   16    8   16    2    4    4    0    0    1    1    1,8      16,512    1024,OK     10 ms,27.60 ms,3.23,4979.6,42.6,results match
487,578,0   64   64   32    8   32    8   32    2    1    1    0    0    0    0    1,8      32,512    2048,OK     31 ms,48.58 ms,5.20,2828.8,26.4,results match
488,578,0   64   64   32    8   32    8   32    2    1    1    0    0    1    1    1,8      32,512    2048,OK     11 ms,45.35 ms,4.81,3030.1,28.6,results match
489,578,0   64   64   32    8   32    8   32    2    1    2    0    0    0    0    1,8      32,512    2048,OK     17 ms,45.44 ms,4.89,3024.2,28.1,results match
490,578,0   64   64   32    8   32    8   32    2    1    2    0    0    1    1    1,8      32,512    2048,OK     10 ms,42.41 ms,4.47,3240.1,30.7,results match
491,578,0   64   64   32    8   32    8   32    2    2    1    0    0    0    0    1,8      32,512    2048,OK      9 ms,43.91 ms,4.94,3129.6,27.8,results match
492,578,0   64   64   32    8   32    8   32    2    2    1    0    0    1    1    1,8      32,512    2048,OK     10 ms,38.47 ms,4.20,3572.6,32.7,results match
493,578,0   64   64   32    8   32    8   32    2    2    2    0    0    0    0    1,8      32,512    2048,OK     12 ms,40.98 ms,4.64,3353.0,29.6,results match
494,578,0   64   64   32    8   32    8   32    2    2    2    0    0    1    1    1,8      32,512    2048,OK      9 ms,37.60 ms,4.10,3654.5,33.5,results match
495,578,0   64   64   32    8   32    8   32    2    4    1    0    0    0    0    1,8      32,512    2048,OK      9 ms,39.30 ms,4.43,3496.6,31.0,results match
496,578,0   64   64   32    8   32    8   32    2    4    1    0    0    1    1    1,8      32,512    2048,OK     34 ms,35.74 ms,4.05,3844.7,34.0,results match
497,578,0   64   64   32    8   32    8   32    2    4    2    0    0    0    0    1,8      32,512    2048,OK     11 ms,37.44 ms,4.34,3670.7,31.7,results match
498,578,0   64   64   32    8   32    8   32    2    4    2    0    0    1    1    1,8      32,512    2048,OK     11 ms,35.15 ms,3.95,3909.0,34.8,results match
499,578,0   64   64   32   16    8   16    8    2    1    1    0    0    0    0    1,16       8,1024     512,OK     11 ms,34.55 ms,3.75,3977.4,36.6,results match
500,578,0   64   64   32   16    8   16    8    2    1    1    0    0    1    1    1,16       8,1024     512,OK     11 ms,34.67 ms,3.87,3963.7,35.5,results match
501,578,0   64   64   32   16    8   16    8    2    1    2    0    0    0    0    1,16       8,1024     512,OK     12 ms,32.64 ms,3.70,4210.8,37.1,results match
502,578,0   64   64   32   16    8   16    8    2    1    2    0    0    1    1    1,16       8,1024     512,OK     11 ms,31.21 ms,3.50,4403.5,39.3,results match
503,578,0   64   64   32   16    8   16    8    2    1    4    0    0    0    0    1,16       8,1024     512,OK     10 ms,31.95 ms,3.59,4300.5,38.3,results match
504,578,0   64   64   32   16    8   16    8    2    1    4    0    0    1    1    1,16       8,1024     512,OK     50 ms,29.58 ms,3.35,4646.1,41.0,results match
505,578,0   64   64   32   16    8   16    8    2    2    1    0    0    0    0    1,16       8,1024     512,OK     11 ms,32.28 ms,3.50,4257.2,39.2,results match
506,578,0   64   64   32   16    8   16    8    2    2    1    0    0    1    1    1,16       8,1024     512,OK     11 ms,29.99 ms,3.45,4581.7,39.8,results match
507,578,0   64   64   32   16    8   16    8    2    2    2    0    0    0    0    1,16       8,1024     512,OK      9 ms,29.47 ms,3.26,4663.5,42.2,results match
508,578,0   64   64   32   16    8   16    8    2    2    2    0    0    1    1    1,16       8,1024     512,OK     12 ms,29.23 ms,3.34,4700.8,41.2,results match
509,578,0   64   64   32   16    8   16    8    2    2    4    0    0    0    0    1,16       8,1024     512,OK      9 ms,29.84 ms,3.41,4605.2,40.3,results match
510,578,0   64   64   32   16    8   16    8    2    2    4    0    0    1    1    1,16       8,1024     512,OK     10 ms,27.60 ms,3.18,4978.9,43.2,results match
511,578,0   64   64   32   16    8   16    8    2    4    1    0    0    0    0    1,16       8,1024     512,OK     10 ms,31.02 ms,3.39,4430.1,40.6,results match
512,578,0   64   64   32   16    8   16    8    2    4    1    0    0    1    1    1,16       8,1024     512,OK     11 ms,26.70 ms,3.16,5147.0,43.5,results match
513,578,0   64   64   32   16    8   16    8    2    4    2    0    0    0    0    1,16       8,1024     512,OK      9 ms,28.89 ms,3.18,4757.5,43.2,results match
514,578,0   64   64   32   16    8   16    8    2    4    2    0    0    1    1    1,16       8,1024     512,OK     19 ms,26.95 ms,3.16,5099.2,43.5,results match
515,578,0   64   64   32   16    8   16    8    2    4    4    0    0    0    0    1,16       8,1024     512,OK     12 ms,27.46 ms,3.05,5005.1,45.1,results match
516,578,0   64   64   32   16    8   16    8    2    4    4    0    0    1    1    1,16       8,1024     512,OK     12 ms,26.68 ms,3.10,5151.0,44.3,results match
517,578,0   64   64   32   16   16   16   16    2    1    1    0    0    0    0    1,16      16,1024    1024,OK     10 ms,43.41 ms,4.84,3165.7,28.4,results match
518,578,0   64   64   32   16   16   16   16    2    1    1    0    0    1    1    1,16      16,1024    1024,OK     11 ms,38.40 ms,4.16,3578.3,33.0,results match
519,578,0   64   64   32   16   16   16   16    2    1    2    0    0    0    0    1,16      16,1024    1024,OK     10 ms,40.71 ms,4.50,3375.6,30.5,results match
520,578,0   64   64   32   16   16   16   16    2    1    2    0    0    1    1    1,16      16,1024    1024,OK     10 ms,35.26 ms,3.90,3897.2,35.2,results match
521,578,0   64   64   32   16   16   16   16    2    1    4    0    0    0    0    1,16      16,1024    1024,OK     10 ms,35.47 ms,4.08,3874.5,33.7,results match
522,578,0   64   64   32   16   16   16   16    2    1    4    0    0    1    1    1,16      16,1024    1024,OK     11 ms,33.64 ms,3.68,4084.6,37.3,results match
523,578,0   64   64   32   16   16   16   16    2    2    1    0    0    0    0    1,16      16,1024    1024,OK     10 ms,39.82 ms,4.58,3451.2,30.0,results match
524,578,0   64   64   32   16   16   16   16    2    2    1    0    0    1    1    1,16      16,1024    1024,OK     13 ms,33.08 ms,3.73,4154.1,36.9,results match
525,578,0   64   64   32   16   16   16   16    2    2    2    0    0    0    0    1,16      16,1024    1024,OK     11 ms,35.57 ms,4.00,3863.4,34.4,results match
526,578,0   64   64   32   16   16   16   16    2    2    2    0    0    1    1    1,16      16,1024    1024,OK     10 ms,32.25 ms,3.59,4260.7,38.3,results match
527,578,0   64   64   32   16   16   16   16    2    2    4    0    0    0    0    1,16      16,1024    1024,OK     56 ms,33.39 ms,3.87,4115.8,35.5,results match
528,578,0   64   64   32   16   16   16   16    2    2    4    0    0    1    1    1,16      16,1024    1024,OK     12 ms,30.63 ms,3.47,4487.2,39.6,results match
529,578,0   64   64   32   16   16   16   16    2    4    1    0    0    0    0    1,16      16,1024    1024,OK     11 ms,36.74 ms,4.02,3740.2,34.2,results match
530,578,0   64   64   32   16   16   16   16    2    4    1    0    0    1    1    1,16      16,1024    1024,OK     10 ms,29.10 ms,3.36,4721.9,40.9,results match
531,578,0   64   64   32   16   16   16   16    2    4    2    0    0    0    0    1,16      16,1024    1024,OK     12 ms,33.71 ms,3.74,4077.1,36.7,results match
532,578,0   64   64   32   16   16   16   16    2    4    2    0    0    1    1    1,16      16,1024    1024,OK     12 ms,28.49 ms,3.30,4823.6,41.7,results match
533,578,0   64   64   32   16   16   16   16    2    4    4    0    0    0    0    1,16      16,1024    1024,OK     12 ms,30.91 ms,3.63,4446.1,37.8,results match
534,578,0   64   64   32   16   16   16   16    2    4    4    0    0    1    1    1,16      16,1024    1024,OK     11 ms,28.02 ms,3.22,4903.7,42.7,results match
535,578,0   64   64   32   16   32   16   32    2    1    1    0    0    0    0    1,16      32,1024    2048,OK     13 ms,56.97 ms,6.24,2412.4,22.0,results match
536,578,0   64   64   32   16   32   16   32    2    1    1    0    0    1    1    1,16      32,1024    2048,OK     11 ms,48.13 ms,5.09,2855.1,27.0,results match
537,578,0   64   64   32   16   32   16   32    2    1    2    0    0    0    0    1,16      32,1024    2048,OK     11 ms,49.78 ms,5.56,2760.5,24.7,results match
538,578,0   64   64   32   16   32   16   32    2    1    2    0    0    1    1    1,16      32,1024    2048,OK     43 ms,43.36 ms,4.59,3169.6,30.0,results match
539,578,0   64   64   32   16   32   16   32    2    2    1    0    0    0    0    1,16      32,1024    2048,OK     12 ms,52.07 ms,5.79,2639.3,23.7,results match
540,578,0   64   64   32   16   32   16   32    2    2    1    0    0    1    1    1,16      32,1024    2048,OK     12 ms,40.41 ms,4.45,3400.4,30.9,results match
541,578,0   64   64   32   16   32   16   32    2    2    2    0    0    0    0    1,16      32,1024    2048,OK     11 ms,44.46 ms,4.99,3091.2,27.5,results match
542,578,0   64   64   32   16   32   16   32    2    2    2    0    0    1    1    1,16      32,1024    2048,OK     12 ms,39.41 ms,4.34,3486.7,31.6,results match
543,578,0   64   64   32   16   32   16   32    2    4    1    0    0    0    0    1,16      32,1024    2048,OK     10 ms,43.99 ms,4.83,3124.2,28.5,results match
544,578,0   64   64   32   16   32   16   32    2    4    1    0    0    1    1    1,16      32,1024    2048,OK     11 ms,33.14 ms,3.70,4146.3,37.2,results match
545,578,0   64   64   32   16   32   16   32    2    4    2    0    0    0    0    1,16      32,1024    2048,OK     12 ms,38.48 ms,4.45,3570.8,30.9,results match
546,578,0   64   64   32   16   32   16   32    2    4    2    0    0    1    1    1,16      32,1024    2048,OK     14 ms,32.61 ms,3.61,4213.9,38.1,results match
547,578,0   64   64   32   32    8   32    8    2    1    1    0    0    0    0    1,32       8,2048     512,OK     14 ms,45.23 ms,5.08,3038.0,27.1,results match
548,578,0   64   64   32   32    8   32    8    2    1    1    0    0    1    1    1,32       8,2048     512,OK     11 ms,41.45 ms,4.47,3315.3,30.7,results match
549,578,0   64   64   32   32    8   32    8    2    1    2    0    0    0    0    1,32       8,2048     512,OK     22 ms,37.96 ms,4.19,3619.9,32.8,results match
550,578,0   64   64   32   32    8   32    8    2    1    2    0    0    1    1    1,32       8,2048     512,OK     15 ms,34.15 ms,3.72,4024.7,36.9,results match
551,578,0   64   64   32   32    8   32    8    2    1    4    0    0    0    0    1,32       8,2048     512,OK     12 ms,38.15 ms,4.26,3602.0,32.2,results match
552,578,0   64   64   32   32    8   32    8    2    1    4    0    0    1    1    1,32       8,2048     512,OK     14 ms,32.05 ms,3.54,4288.2,38.8,results match
553,578,0   64   64   32   32    8   32    8    2    2    1    0    0    0    0    1,32       8,2048     512,OK     10 ms,42.35 ms,4.53,3244.8,30.4,results match
554,578,0   64   64   32   32    8   32    8    2    2    1    0    0    1    1    1,32       8,2048     512,OK     10 ms,32.53 ms,3.58,4224.6,38.4,results match
555,578,0   64   64   32   32    8   32    8    2    2    2    0    0    0    0    1,32       8,2048     512,OK     11 ms,36.64 ms,3.99,3750.7,34.5,results match
556,578,0   64   64   32   32    8   32    8    2    2    2    0    0    1    1    1,32       8,2048     512,OK     11 ms,32.31 ms,3.52,4252.9,39.1,results match
557,578,0   64   64   32   32    8   32    8    2    2    4    0    0    0    0    1,32       8,2048     512,OK     10 ms,34.18 ms,3.85,4020.1,35.7,results match
558,578,0   64   64   32   32    8   32    8    2    2    4    0    0    1    1    1,32       8,2048     512,OK     12 ms,30.09 ms,3.34,4567.8,41.2,results match
559,578,0   64   64   32   32   16   32   16    2    1    1    0    0    0    0    1,32      16,2048    1024,OK     11 ms,55.19 ms,5.98,2489.9,23.0,results match
560,578,0   64   64   32   32   16   32   16    2    1    1    0    0    1    1    1,32      16,2048    1024,OK     10 ms,45.36 ms,4.82,3029.4,28.5,results match
561,578,0   64   64   32   32   16   32   16    2    1    2    0    0    0    0    1,32      16,2048    1024,OK     11 ms,47.92 ms,5.36,2867.5,25.6,results match
562,578,0   64   64   32   32   16   32   16    2    1    2    0    0    1    1    1,32      16,2048    1024,OK     12 ms,38.73 ms,4.19,3547.8,32.8,results match
563,578,0   64   64   32   32   16   32   16    2    1    4    0    0    0    0    1,32      16,2048    1024,OK     15 ms,42.49 ms,4.79,3234.1,28.7,results match
564,578,0   64   64   32   32   16   32   16    2    1    4    0    0    1    1    1,32      16,2048    1024,OK     24 ms,36.55 ms,4.00,3760.2,34.4,results match
565,578,0   64   64   32   32   16   32   16    2    2    1    0    0    0    0    1,32      16,2048    1024,OK     11 ms,50.57 ms,5.41,2717.4,25.4,results match
566,578,0   64   64   32   32   16   32   16    2    2    1    0    0    1    1    1,32      16,2048    1024,OK     13 ms,34.76 ms,3.78,3953.8,36.4,results match
567,578,0   64   64   32   32   16   32   16    2    2    2    0    0    0    0    1,32      16,2048    1024,OK     10 ms,45.96 ms,5.17,2989.9,26.6,results match
568,578,0   64   64   32   32   16   32   16    2    2    2    0    0    1    1    1,32      16,2048    1024,OK     11 ms,34.18 ms,3.68,4020.6,37.3,results match
569,578,0   64   64   32   32   16   32   16    2    2    4    0    0    0    0    1,32      16,2048    1024,OK      9 ms,37.55 ms,4.32,3660.0,31.8,results match
570,578,0   64   64   32   32   16   32   16    2    2    4    0    0    1    1    1,32      16,2048    1024,OK     29 ms,31.67 ms,3.47,4338.8,39.6,results match
571,578,0   64   64   32   32   32   32   32    2    1    1    0    0    0    0    1,32      32,2048    2048,OK      9 ms,71.53 ms,7.69,1921.3,17.9,results match
572,578,0   64   64   32   32   32   32   32    2    1    1    0    0    1    1    1,32      32,2048    2048,OK     10 ms,52.35 ms,5.46,2624.9,25.2,results match
573,578,0   64   64   32   32   32   32   32    2    1    2    0    0    0    0    1,32      32,2048    2048,OK     10 ms,62.28 ms,6.79,2206.5,20.2,results match
574,578,0   64   64   32   32   32   32   32    2    1    2    0    0    1    1    1,32      32,2048    2048,OK     10 ms,46.87 ms,4.91,2932.1,28.0,results match
575,578,0   64   64   32   32   32   32   32    2    2    1    0    0    0    0    1,32      32,2048    2048,OK     11 ms,62.06 ms,6.72,2214.3,20.4,results match
576,578,0   64   64   32   32   32   32   32    2    2    1    0    0    1    1    1,32      32,2048    2048,OK     12 ms,39.93 ms,4.27,3441.3,32.2,results match
577,578,0   64   64   32   32   32   32   32    2    2    2    0    0    0    0    1,32      32,2048    2048,OK     10 ms,50.57 ms,5.68,2717.3,24.2,results match
578,578,0   64   64   32   32   32   32   32    2    2    2    0    0    1    1    1,32      32,2048    2048,OK     10 ms,39.07 ms,4.21,3517.3,32.7,results match
